"";"IDtree";"former_id";"dbh";"Essence_ID";"NomLatin";"NomVernaculaire"
"1";"1_1_1_11";550;222;"LOL";"Lannea welwitschii";"Loloti"
"2";"1_1_12_15";865;330;"ACA";"Khaya ivorensis , anthotheca";"Acajou blanc"
"3";"1_1_14_14";860;130;"IRO";"Chlorophora regia, C. excelsa";"Iroko"
"4";"1_1_14_19";801;124;"LOT";"Sterculia rhinopetala";"Lotofa"
"5";"1_1_14_23";603;270;"EMI";"Alstonia congensis";"Emien"
"6";"1_1_18_1";119;119;"BET";"Mansonia altissima";"Bete"
"7";"1_1_19_7";227;550;"FRO";"Ceiba pentandra";"Fromager"
"8";"1_1_24_10";564;272;"ILO";"Pycnanthus angolensis";"Ilomba"
"9";"1_1_25_12";752;395;"EHO";"Ricinodendron africanum";"Eho"
"10";"1_1_25_2";290;157;"AKA";"Scottelia sp.";"Akossika"
"11";"1_1_25_3";289;220;"MOV";"Distemonanthus benthamianus";"Movingui"
"12";"1_2_12_12";184;3000;"POU";"Funtumia sp.";"Pouo"
"13";"1_2_13_21";195;500;"AKT";"Gambeya africana";"Akatio"
"14";"1_2_15_3";853;232;"EHO";"Ricinodendron africanum";"Eho"
"15";"1_2_16_10";510;397;"EHO";"Ricinodendron africanum";"Eho"
"16";"1_2_16_12";602;500;"FRO";"Ceiba pentandra";"Fromager"
"17";"1_2_17_15";603;178;"BA";"Celtis mildbraedii";"Ba"
"18";"1_2_17_2";106;146;"ABO";"Entandrophragma cylindricum";"Sapelli"
"19";"1_2_17_8";258;1540;"EHO";"Ricinodendron africanum";"Eho"
"20";"1_2_18_1";251;234;"BA";"Celtis mildbraedii";"Ba"
"21";"1_2_20_6";869;204;"EHO";"Ricinodendron africanum";"Eho"
"22";"1_2_21_2";751;193;"LOT";"Sterculia rhinopetala";"Lotofa"
"23";"1_2_21_3";558;205;"LOT";"Sterculia rhinopetala";"Lotofa"
"24";"1_2_23_1";863;382;"EHO";"Ricinodendron africanum";"Eho"
"25";"1_2_24_10";286;500;"BA";"Celtis mildbraedii";"Ba"
"26";"1_2_24_20";860;137;"FRO";"Ceiba pentandra";"Fromager"
"27";"1_2_24_6";204;198;"BA";"Celtis mildbraedii";"Ba"
"28";"1_2_6_11";168;272;"BA";"Celtis mildbraedii";"Ba"
"29";"1_2_6_12";161;500;"AZD";"Afzelia bella";"Azodau"
"30";"1_2_6_3";218;600;"BA";"Celtis mildbraedii";"Ba"
"31";"1_2_6_9";164;550;"AKT";"Gambeya africana";"Akatio"
"32";"1_3_11_6";700;232;"TIA";"Entandrophragma angolense";"Tiama"
"33";"1_3_12_6";166;189;"BA";"Celtis mildbraedii";"Ba"
"34";"1_3_15_8";802;210;"FRO";"Ceiba pentandra";"Fromager"
"35";"1_3_20_2";858;165;"BET";"Mansonia altissima";"Bete"
"36";"1_3_20_21";650;386;"DIF";"Morus mesozygia";"Difou"
"37";"1_3_20_26";200;478;"EHO";"Ricinodendron africanum";"Eho"
"38";"1_3_20_3";859;204;"ARI";"Trichilia tessmannii";"Aribanda"
"39";"1_3_20_4";860;485;"FRO";"Ceiba pentandra";"Fromager"
"40";"1_3_20_6";861;227;"LOL";"Lannea welwitschii";"Loloti"
"41";"1_3_5_2";130;130;"KOB";"Nesogordonia papaverifera";"Kotibe"
"42";"1_3_6_5";900;337;"SAM";"Triplochiton scleroxylon";"Samba"
"43";"1_4_1_4";800;271;"LOL";"Lannea welwitschii";"Loloti"
"44";"1_4_10_11";950;231;"ACA";"Khaya ivorensis , anthotheca";"Acajou blanc"
"45";"1_4_10_13";951;205;"ABO";"Entandrophragma cylindricum";"Sapelli"
"46";"1_4_11_2";750;500;"SAM";"Triplochiton scleroxylon";"Samba"
"47";"1_4_12_6";166;189;"OBA";"Bombax buonopozense";"Oba (Kapokier)"
"48";"1_4_14_6";859;159;"ILO";"Pycnanthus angolensis";"Ilomba"
"49";"1_4_15_5";216;500;"AKT";"Gambeya africana";"Akatio"
"50";"1_4_15_8";701;600;"ACA";"Khaya ivorensis , anthotheca";"Acajou blanc"
"51";"1_4_16_14";262;300;"DIF";"Morus mesozygia";"Difou"
"52";"1_4_16_16";852;203;"EHO";"Ricinodendron africanum";"Eho"
"53";"1_4_17_11";250;210;"LOT";"Sterculia rhinopetala";"Lotofa"
"54";"1_4_18_16";905;215;"SAM";"Triplochiton scleroxylon";"Samba"
"55";"1_4_18_4";503;441;"KEK";"Holoptelea grandis";"Kekele"
"56";"1_4_20_21";650;386;"BA";"Celtis mildbraedii";"Ba"
"57";"1_4_20_26";200;478;"LOT";"Sterculia rhinopetala";"Lotofa"
"58";"1_4_23_2";752;472;"EHO";"Ricinodendron africanum";"Eho"
"59";"1_4_23_4";858;265;"LON";"Celtis adolphi-frederici";"Lohonfé"
"60";"1_4_23_6";269;167;"SAM";"Triplochiton scleroxylon";"Samba"
"61";"1_4_24_17";309;700;"SAM";"Triplochiton scleroxylon";"Samba"
"62";"1_4_25_11";317;502;"AZD";"Afzelia bella";"Azodau"
"63";"1_4_6_5";900;337;"AKO";"Antiaris africana";"Ako"
"64";"10_1_18_4";223;422;"BA";"Celtis mildbraedii";"Ba"
"65";"10_1_18_4";223;422;"BA";"Celtis mildbraedii";"Ba"
"66";"10_1_3_3";650;304;"EHO";"Ricinodendron africanum";"Eho"
"67";"10_1_3_3";650;304;"EHO";"Ricinodendron africanum";"Eho"
"68";"10_3_12_2";851;167;"AKO";"Antiaris africana";"Ako"
"69";"10_3_15_1";202;1050;"FRO";"Ceiba pentandra";"Fromager"
"70";"10_3_17_7";233;235;"BA";"Celtis mildbraedii";"Ba"
"71";"10_3_18_1";801;242;"KEK";"Holoptelea grandis";"Kekele"
"72";"10_3_18_7";863;263;"KEK";"Holoptelea grandis";"Kekele"
"73";"10_3_2_6";750;236;"KOB";"Nesogordonia papaverifera";"Kotibe"
"74";"10_3_22_2";216;161;"BA";"Celtis mildbraedii";"Ba"
"75";"10_3_7_4";858;250;"LOL";"Lannea welwitschii";"Loloti"
"76";"10_3_8_5";501;292;"FRO";"Ceiba pentandra";"Fromager"
"77";"10_4_10_3";136;510;"BA";"Celtis mildbraedii";"Ba"
"78";"10_4_2_2";852;172;"FRO";"Ceiba pentandra";"Fromager"
"79";"10_4_2_4";702;570;"FRO";"Ceiba pentandra";"Fromager"
"80";"10_4_22_10";224;600;"BET";"Mansonia altissima";"Bete"
"81";"10_4_23_3";602;273;"AMZ";"Guibourtia ehie";"Amazakoué"
"82";"10_4_24_4";133;320;"LON";"Celtis adolphi-frederici";"Lohonfé"
"83";"10_4_9_3";143;421;"LOT";"Sterculia rhinopetala";"Lotofa"
"84";"11_2_1_4";851;256;"FRO";"Ceiba pentandra";"Fromager"
"85";"11_2_10_2";850;357;"EHO";"Ricinodendron africanum";"Eho"
"86";"11_2_12_10";853;254;"EHO";"Ricinodendron africanum";"Eho"
"87";"11_2_12_4";196;319;"KOT";"Pterygota macrocarpa";"Koto"
"88";"11_2_13_1";199;578;"BET";"Mansonia altissima";"Bete"
"89";"11_2_13_13";903;202;"EHO";"Ricinodendron africanum";"Eho"
"90";"11_2_13_14";902;236;"EHO";"Ricinodendron africanum";"Eho"
"91";"11_2_13_5";201;380;"AKT";"Gambeya africana";"Akatio"
"92";"11_2_13_6";202;423;"BI";"Eribrema oblonga";"Bi ou Eyong"
"93";"11_2_13_7";203;491;"BET";"Mansonia altissima";"Bete"
"94";"11_2_14_4";801;455;"EHO";"Ricinodendron africanum";"Eho"
"95";"11_2_14_8";210;390;"BET";"Mansonia altissima";"Bete"
"96";"11_2_16_15";902;398;"EHO";"Ricinodendron africanum";"Eho"
"97";"11_2_17_13";259;600;"KOB";"Nesogordonia papaverifera";"Kotibe"
"98";"11_2_17_14";859;238;"BI";"Eribrema oblonga";"Bi ou Eyong"
"99";"11_2_17_2";212;389;"BET";"Mansonia altissima";"Bete"
"100";"11_2_17_3";213;297;"BI";"Eribrema oblonga";"Bi ou Eyong"
"101";"11_2_17_5";216;530;"LOT";"Sterculia rhinopetala";"Lotofa"
"102";"11_2_18_12";242;253;"BA";"Celtis mildbraedii";"Ba"
"103";"11_2_18_13";247;389;"BA";"Celtis mildbraedii";"Ba"
"104";"11_2_18_16";245;500;"KOB";"Nesogordonia papaverifera";"Kotibe"
"105";"11_2_18_20";860;101;"DIF";"Morus mesozygia";"Difou"
"106";"11_2_18_5";237;218;"EHO";"Ricinodendron africanum";"Eho"
"107";"11_2_18_8";240;500;"BA";"Celtis mildbraedii";"Ba"
"108";"11_2_19_1";227;450;"BA";"Celtis mildbraedii";"Ba"
"109";"11_2_21_8";603;456;"EHO";"Ricinodendron africanum";"Eho"
"110";"11_2_21_9";602;580;"SAM";"Triplochiton scleroxylon";"Samba"
"111";"11_2_22_15";750;353;"EHO";"Ricinodendron africanum";"Eho"
"112";"11_2_23_15";286;274;"AKA";"Scottelia sp.";"Akossika"
"113";"11_2_24_4";252;173;"BA";"Celtis mildbraedii";"Ba"
"114";"11_2_25_18";146;146;"KOB";"Nesogordonia papaverifera";"Kotibe"
"115";"11_2_25_25";300;369;"EHO";"Ricinodendron africanum";"Eho"
"116";"11_2_3_3";650;389;"EHO";"Ricinodendron africanum";"Eho"
"117";"11_2_6_10";956;123;"KOB";"Nesogordonia papaverifera";"Kotibe"
"118";"11_2_7_6";184;650;"BA";"Celtis mildbraedii";"Ba"
"119";"11_2_8_7";168;380;"LOT";"Sterculia rhinopetala";"Lotofa"
"120";"11_2_9_5";164;850;"IRO";"Chlorophora regia, C. excelsa";"Iroko"
"121";"11_3_14_6";654;275;"EHO";"Ricinodendron africanum";"Eho"
"122";"11_3_14_7";656;269;"EHO";"Ricinodendron africanum";"Eho"
"123";"11_3_14_9";753;291;"EHO";"Ricinodendron africanum";"Eho"
"124";"11_3_17_5";862;550;"EHO";"Ricinodendron africanum";"Eho"
"125";"11_3_20_3";162;750;"OBA";"Bombax buonopozense";"Oba (Kapokier)"
"126";"11_3_20_4";163;500;"KOB";"Nesogordonia papaverifera";"Kotibe"
"127";"11_3_20_5";164;600;"BET";"Mansonia altissima";"Bete"
"128";"11_3_25_9";207;267;"BI";"Eribrema oblonga";"Bi ou Eyong"
"129";"11_4_12_11";181;452;"BET";"Mansonia altissima";"Bete"
"130";"11_4_12_4";180;536;"BET";"Mansonia altissima";"Bete"
"131";"11_4_12_9";950;322;"FRO";"Ceiba pentandra";"Fromager"
"132";"11_4_14_10";905;116;"ASA";"Celtis zenkeri";"Asan"
"133";"11_4_14_6";191;354;"LON";"Celtis adolphi-frederici";"Lohonfé"
"134";"11_4_14_8";904;164;"LOL";"Lannea welwitschii";"Loloti"
"135";"11_4_15_12";851;162;"ASA";"Celtis zenkeri";"Asan"
"136";"11_4_15_2";953;229;"BI";"Eribrema oblonga";"Bi ou Eyong"
"137";"11_4_15_5";906;154;"LOL";"Lannea welwitschii";"Loloti"
"138";"11_4_18_2";218;1000;"SAM";"Triplochiton scleroxylon";"Samba"
"139";"11_4_19_5";264;750;"SAM";"Triplochiton scleroxylon";"Samba"
"140";"11_4_24_3";285;600;"AKT";"Gambeya africana";"Akatio"
"141";"11_4_25_1";209;750;"SAM";"Triplochiton scleroxylon";"Samba"
"142";"11_4_5_14";127;250;"KOB";"Nesogordonia papaverifera";"Kotibe"
"143";"11_4_5_9";130;550;"BI";"Eribrema oblonga";"Bi ou Eyong"
"144";"11_4_6_10";166;427;"LOT";"Sterculia rhinopetala";"Lotofa"
"145";"11_4_6_12";500;570;"EHO";"Ricinodendron africanum";"Eho"
"146";"11_4_6_4";902;225;"EHO";"Ricinodendron africanum";"Eho"
"147";"11_4_6_9";164;364;"OBA";"Bombax buonopozense";"Oba (Kapokier)"
"148";"11_4_7_10";148;473;"AKT";"Gambeya africana";"Akatio"
"149";"11_4_7_5";150;230;"KOB";"Nesogordonia papaverifera";"Kotibe"
"150";"12_1_10_1";154;260;"LOT";"Sterculia rhinopetala";"Lotofa"
"151";"12_1_10_2";153;800;"KOT";"Pterygota macrocarpa";"Koto"
"152";"12_1_15_4";900;195;"FRO";"Ceiba pentandra";"Fromager"
"153";"12_1_16_11";244;500;"AKT";"Gambeya africana";"Akatio"
"154";"12_1_16_6";503;800;"EHO";"Ricinodendron africanum";"Eho"
"155";"12_1_8_5";164;192;"BA";"Celtis mildbraedii";"Ba"
"156";"12_1_9_2";163;276;"BA";"Celtis mildbraedii";"Ba"
"157";"12_1_9_4";161;600;"BA";"Celtis mildbraedii";"Ba"
"158";"12_1_9_5";800;450;"FRO";"Ceiba pentandra";"Fromager"
"159";"12_2_1_10";857;236;"EHO";"Ricinodendron africanum";"Eho"
"160";"12_2_1_11";117;340;"BA";"Celtis mildbraedii";"Ba"
"161";"12_2_1_13";112;270;"BA";"Celtis mildbraedii";"Ba"
"162";"12_2_1_14";111;177;"BA";"Celtis mildbraedii";"Ba"
"163";"12_2_1_16";110;541;"BA";"Celtis mildbraedii";"Ba"
"164";"12_2_1_21";103;362;"BA";"Celtis mildbraedii";"Ba"
"165";"12_2_1_6";106;367;"BA";"Celtis mildbraedii";"Ba"
"166";"12_2_1_8";109;212;"BA";"Celtis mildbraedii";"Ba"
"167";"12_2_12_10";215;900;"SAM";"Triplochiton scleroxylon";"Samba"
"168";"12_2_13_2";750;162;"BA";"Celtis mildbraedii";"Ba"
"169";"12_2_17_1";279;465;"AKT";"Gambeya africana";"Akatio"
"170";"12_2_18_5";277;343;"LOT";"Sterculia rhinopetala";"Lotofa"
"171";"12_2_19_2";268;900;"OBA";"Bombax buonopozense";"Oba (Kapokier)"
"172";"12_2_19_4";269;550;"AKT";"Gambeya africana";"Akatio"
"173";"12_2_20_4";258;517;"BET";"Mansonia altissima";"Bete"
"174";"12_2_23_4";754;273;"FRO";"Ceiba pentandra";"Fromager"
"175";"12_2_8_5";184;173;"KOB";"Nesogordonia papaverifera";"Kotibe"
"176";"12_2_9_7";178;225;"BA";"Celtis mildbraedii";"Ba"
"177";"12_3_11_10";800;600;"EHO";"Ricinodendron africanum";"Eho"
"178";"12_3_14_5";218;900;"SAM";"Triplochiton scleroxylon";"Samba"
"179";"12_3_16_2";700;223;"TIA";"Entandrophragma angolense";"Tiama"
"180";"12_3_17_12";860;208;"EHO";"Ricinodendron africanum";"Eho"
"181";"12_3_17_7";276;700;"SAM";"Triplochiton scleroxylon";"Samba"
"182";"12_3_19_10";306;159;"BA";"Celtis mildbraedii";"Ba"
"183";"12_3_19_6";802;292;"FRO";"Ceiba pentandra";"Fromager"
"184";"12_3_20_12";247;253;"BA";"Celtis mildbraedii";"Ba"
"185";"12_3_20_4";701;190;"AMZ";"Guibourtia ehie";"Amazakoué"
"186";"12_3_6_1";192;500;"BA";"Celtis mildbraedii";"Ba"
"187";"12_4_10_6";161;470;"BA";"Celtis mildbraedii";"Ba"
"188";"12_4_10_7";160;270;"ETI";"Copaïfera salikounda";"Etimoé"
"189";"12_4_11_7";226;177;"DIF";"Morus mesozygia";"Difou"
"190";"12_4_12_6";238;550;"SAM";"Triplochiton scleroxylon";"Samba"
"191";"12_4_14_10";268;194;"BA";"Celtis mildbraedii";"Ba"
"192";"12_4_14_12";336;214;"BA";"Celtis mildbraedii";"Ba"
"193";"12_4_14_14";261;193;"BA";"Celtis mildbraedii";"Ba"
"194";"12_4_14_8";265;1500;"LON";"Celtis adolphi-frederici";"Lohonfé"
"195";"12_4_15_10";273;264;"BA";"Celtis mildbraedii";"Ba"
"196";"12_4_15_2";269;316;"LOT";"Sterculia rhinopetala";"Lotofa"
"197";"12_4_16_1";370;391;"ABO";"Entandrophragma cylindricum";"Sapelli"
"198";"12_4_16_3";361;244;"KOB";"Nesogordonia papaverifera";"Kotibe"
"199";"12_4_16_5";362;500;"BA";"Celtis mildbraedii";"Ba"
"200";"12_4_17_5";331;431;"LOT";"Sterculia rhinopetala";"Lotofa"
"201";"12_4_21_7";364;197;"FRO";"Ceiba pentandra";"Fromager"
"202";"12_4_21_8";363;341;"BA";"Celtis mildbraedii";"Ba"
"203";"12_4_23_4";914;295;"BET";"Mansonia altissima";"Bete"
"204";"12_4_3_3";123;258;"BA";"Celtis mildbraedii";"Ba"
"205";"12_4_4_1";140;257;"BA";"Celtis mildbraedii";"Ba"
"206";"12_4_4_7";137;200;"BA";"Celtis mildbraedii";"Ba"
"207";"12_4_6_4";211;370;"BA";"Celtis mildbraedii";"Ba"
"208";"12_4_6_7";212;243;"BA";"Celtis mildbraedii";"Ba"
"209";"12_4_7_10";198;231;"BA";"Celtis mildbraedii";"Ba"
"210";"12_4_7_2";200;379;"BA";"Celtis mildbraedii";"Ba"
"211";"12_4_7_5";205;333;"BA";"Celtis mildbraedii";"Ba"
"212";"12_4_7_6";199;340;"BA";"Celtis mildbraedii";"Ba"
"213";"12_4_8_10";182;650;"ASA";"Celtis zenkeri";"Asan"
"214";"12_4_8_13";183;300;"KOB";"Nesogordonia papaverifera";"Kotibe"
"215";"12_4_8_7";186;184;"BA";"Celtis mildbraedii";"Ba"
"216";"12_4_8_8";187;400;"LON";"Celtis adolphi-frederici";"Lohonfé"
"217";"12_4_8_9";184;167;"DIF";"Morus mesozygia";"Difou"
"218";"12_4_9_12";174;160;"BA";"Celtis mildbraedii";"Ba"
"219";"12_4_9_13";172;191;"BA";"Celtis mildbraedii";"Ba"
"220";"13_1_13_2";181;461;"SAM";"Triplochiton scleroxylon";"Samba"
"221";"13_1_13_5";179;600;"SAM";"Triplochiton scleroxylon";"Samba"
"222";"13_1_14_4";194;800;"SAM";"Triplochiton scleroxylon";"Samba"
"223";"13_1_18_2";211;390;"KEK";"Holoptelea grandis";"Kekele"
"224";"13_1_22_2";241;850;"KEK";"Holoptelea grandis";"Kekele"
"225";"13_1_7_4";147;412;"LOL";"Lannea welwitschii";"Loloti"
"226";"13_2_10_4";150;188;"ETI";"Copaïfera salikounda";"Etimoé"
"227";"13_2_11_3";195;688;"IRO";"Chlorophora regia, C. excelsa";"Iroko"
"228";"13_2_12_1";196;325;"AZD";"Afzelia bella";"Azodau"
"229";"13_2_12_10";212;600;"KOB";"Nesogordonia papaverifera";"Kotibe"
"230";"13_2_12_12";218;656;"BA";"Celtis mildbraedii";"Ba"
"231";"13_2_12_2";197;602;"BA";"Celtis mildbraedii";"Ba"
"232";"13_2_12_9";203;146;"KOB";"Nesogordonia papaverifera";"Kotibe"
"233";"13_2_14_1";152;210;"BA";"Celtis mildbraedii";"Ba"
"234";"13_2_14_3";234;700;"SAM";"Triplochiton scleroxylon";"Samba"
"235";"13_2_16_7";358;405;"LON";"Celtis adolphi-frederici";"Lohonfé"
"236";"13_2_16_9";359;330;"BA";"Celtis mildbraedii";"Ba"
"237";"13_2_17_6";856;311;"KEK";"Holoptelea grandis";"Kekele"
"238";"13_2_18_3";277;534;"BET";"Mansonia altissima";"Bete"
"239";"13_2_20_10";313;449;"BET";"Mansonia altissima";"Bete"
"240";"13_2_23_10";324;650;"BI";"Eribrema oblonga";"Bi ou Eyong"
"241";"13_2_24_2";333;450;"KOB";"Nesogordonia papaverifera";"Kotibe"
"242";"13_2_24_3";334;377;"BA";"Celtis mildbraedii";"Ba"
"243";"13_2_24_8";336;717;"KOT";"Pterygota macrocarpa";"Koto"
"244";"13_2_25_1";346;472;"BET";"Mansonia altissima";"Bete"
"245";"13_2_25_3";352;346;"BET";"Mansonia altissima";"Bete"
"246";"13_2_25_5";353;622;"FRO";"Ceiba pentandra";"Fromager"
"247";"13_2_25_6";502;288;"EHO";"Ricinodendron africanum";"Eho"
"248";"13_2_6_3";176;900;"SAM";"Triplochiton scleroxylon";"Samba"
"249";"13_2_7_1";167;920;"LOL";"Lannea welwitschii";"Loloti"
"250";"13_2_9_8";200;369;"LOT";"Sterculia rhinopetala";"Lotofa"
"251";"13_3_12_5";187;412;"KOT";"Pterygota macrocarpa";"Koto"
"252";"13_3_16_4";243;383;"BA";"Celtis mildbraedii";"Ba"
"253";"13_3_2_4";116;485;"AKT";"Gambeya africana";"Akatio"
"254";"13_3_24_5";275;770;"AKT";"Gambeya africana";"Akatio"
"255";"13_3_25_4";150;320;"ACA";"Khaya ivorensis , anthotheca";"Acajou blanc"
"256";"13_4_10_1";157;386;"DIF";"Morus mesozygia";"Difou"
"257";"13_4_12_6";252;248;"BA";"Celtis mildbraedii";"Ba"
"258";"13_4_12_7";250;243;"BA";"Celtis mildbraedii";"Ba"
"259";"13_4_12_8";249;450;"ANB";"Aningueria robusta";"Aniegré blanc"
"260";"13_4_13_3";265;1100;"FRO";"Ceiba pentandra";"Fromager"
"261";"13_4_13_5";260;251;"EHO";"Ricinodendron africanum";"Eho"
"262";"13_4_14_1";234;600;"AKA";"Scottelia sp.";"Akossika"
"263";"13_4_15_3";854;208;"LOL";"Lannea welwitschii";"Loloti"
"264";"13_4_17_3";600;380;"FRO";"Ceiba pentandra";"Fromager"
"265";"13_4_17_4";318;550;"BA";"Celtis mildbraedii";"Ba"
"266";"13_4_18_5";319;170;"BA";"Celtis mildbraedii";"Ba"
"267";"13_4_19_2";260;370;"EHO";"Ricinodendron africanum";"Eho"
"268";"13_4_19_8";310;550;"LON";"Celtis adolphi-frederici";"Lohonfé"
"269";"13_4_20_13";290;455;"BET";"Mansonia altissima";"Bete"
"270";"13_4_20_3";303;301;"BA";"Celtis mildbraedii";"Ba"
"271";"13_4_22_1";353;520;"KOB";"Nesogordonia papaverifera";"Kotibe"
"272";"13_4_22_12";367;600;"LOL";"Lannea welwitschii";"Loloti"
"273";"13_4_22_16";356;700;"LON";"Celtis adolphi-frederici";"Lohonfé"
"274";"13_4_22_3";355;163;"BA";"Celtis mildbraedii";"Ba"
"275";"13_4_22_7";358;305;"BET";"Mansonia altissima";"Bete"
"276";"13_4_22_9";312;217;"BA";"Celtis mildbraedii";"Ba"
"277";"13_4_24_3";385;700;"BA";"Celtis mildbraedii";"Ba"
"278";"13_4_24_4";324;500;"KOB";"Nesogordonia papaverifera";"Kotibe"
"279";"13_4_3_5";900;151;"AKT";"Gambeya africana";"Akatio"
"280";"14_1_1_6";104;304;"BA";"Celtis mildbraedii";"Ba"
"281";"14_1_11_3";134;359;"AKA";"Scottelia sp.";"Akossika"
"282";"14_1_12_8";207;480;"KOB";"Nesogordonia papaverifera";"Kotibe"
"283";"14_1_16_4";293;234;"BI";"Eribrema oblonga";"Bi ou Eyong"
"284";"14_1_20_3";250;345;"DIF";"Morus mesozygia";"Difou"
"285";"14_1_21_11";303;700;"BA";"Celtis mildbraedii";"Ba"
"286";"14_1_21_3";306;166;"BA";"Celtis mildbraedii";"Ba"
"287";"14_2_10_7";135;600;"BA";"Celtis mildbraedii";"Ba"
"288";"14_2_11_6";290;340;"POU";"Funtumia sp.";"Pouo"
"289";"14_2_12_11";855;170;"BA";"Celtis mildbraedii";"Ba"
"290";"14_2_13_1";605;720;"FRO";"Ceiba pentandra";"Fromager"
"291";"14_2_15_5";213;350;"FRK";"Terminalia superba";"Frake"
"292";"14_2_17_9";257;641;"BA";"Celtis mildbraedii";"Ba"
"293";"14_2_18_4";501;260;"EHO";"Ricinodendron africanum";"Eho"
"294";"14_2_2_16";854;119;"BA";"Celtis mildbraedii";"Ba"
"295";"14_2_2_6";601;159;"LON";"Celtis adolphi-frederici";"Lohonfé"
"296";"14_2_2_7";602;158;"FRO";"Ceiba pentandra";"Fromager"
"297";"14_2_20_21";223;145;"LOT";"Sterculia rhinopetala";"Lotofa"
"298";"14_2_21_1";260;1100;"KEK";"Holoptelea grandis";"Kekele"
"299";"14_2_24_1";294;975;"BA";"Celtis mildbraedii";"Ba"
"300";"14_2_5_4";131;850;"AKT";"Gambeya africana";"Akatio"
"301";"14_2_7_17";175;203;"BA";"Celtis mildbraedii";"Ba"
"302";"14_2_8_1";856;160;"SAM";"Triplochiton scleroxylon";"Samba"
"303";"14_2_9_11";604;136;"BA";"Celtis mildbraedii";"Ba"
"304";"14_3_11_13";178;453;"BA";"Celtis mildbraedii";"Ba"
"305";"14_3_11_2";173;549;"LON";"Celtis adolphi-frederici";"Lohonfé"
"306";"14_3_12_1";182;466;"KOB";"Nesogordonia papaverifera";"Kotibe"
"307";"14_3_15_14";703;200;"BA";"Celtis mildbraedii";"Ba"
"308";"14_3_15_9";210;231;"AKT";"Gambeya africana";"Akatio"
"309";"14_3_16_8";256;247;"KOB";"Nesogordonia papaverifera";"Kotibe"
"310";"14_3_16_9";602;219;"BI";"Eribrema oblonga";"Bi ou Eyong"
"311";"14_3_2_1";757;140;"OBA";"Bombax buonopozense";"Oba (Kapokier)"
"312";"14_3_2_13";853;168;"BA";"Celtis mildbraedii";"Ba"
"313";"14_3_2_2";950;150;"POU";"Funtumia sp.";"Pouo"
"314";"14_3_21_4";253;476;"ACA";"Khaya ivorensis , anthotheca";"Acajou blanc"
"315";"14_3_23_11";251;800;"EHO";"Ricinodendron africanum";"Eho"
"316";"14_3_25_10";302;101;"ACA";"Khaya ivorensis , anthotheca";"Acajou blanc"
"317";"14_3_25_12";304;196;"DIF";"Morus mesozygia";"Difou"
"318";"14_3_25_6";105;167;"ABO";"Entandrophragma cylindricum";"Sapelli"
"319";"14_3_3_10";653;289;"LOL";"Lannea welwitschii";"Loloti"
"320";"14_3_5_13";801;128;"BA";"Celtis mildbraedii";"Ba"
"321";"14_3_6_8";167;451;"LOL";"Lannea welwitschii";"Loloti"
"322";"14_3_6_9";168;520;"LOL";"Lannea welwitschii";"Loloti"
"323";"14_3_7_13";165;350;"BA";"Celtis mildbraedii";"Ba"
"324";"14_4_12_5";189;200;"BA";"Celtis mildbraedii";"Ba"
"325";"14_4_13_6";209;256;"BA";"Celtis mildbraedii";"Ba"
"326";"14_4_13_7";208;335;"BA";"Celtis mildbraedii";"Ba"
"327";"14_4_14_12";751;225;"ACA";"Khaya ivorensis , anthotheca";"Acajou blanc"
"328";"14_4_14_7";173;193;"BA";"Celtis mildbraedii";"Ba"
"329";"14_4_15_11";225;1500;"EMI";"Alstonia congensis";"Emien"
"330";"14_4_17_8";217;600;"BA";"Celtis mildbraedii";"Ba"
"331";"14_4_2_7";109;700;"AKT";"Gambeya africana";"Akatio"
"332";"14_4_21_10";261;503;"BET";"Mansonia altissima";"Bete"
"333";"14_4_21_5";607;347;"LOL";"Lannea welwitschii";"Loloti"
"334";"14_4_23_6";277;272;"BI";"Eribrema oblonga";"Bi ou Eyong"
"335";"14_4_4_6";121;549;"LON";"Celtis adolphi-frederici";"Lohonfé"
"336";"14_4_4_7";853;169;"ARI";"Trichilia tessmannii";"Aribanda"
"337";"14_4_7_1";126;207;"BA";"Celtis mildbraedii";"Ba"
"338";"14_4_8_11";168;391;"BA";"Celtis mildbraedii";"Ba"
"339";"14_4_8_15";166;249;"BA";"Celtis mildbraedii";"Ba"
"340";"15_1_10_7";142;201;"BI";"Eribrema oblonga";"Bi ou Eyong"
"341";"15_1_10_9";200;375;"BA";"Celtis mildbraedii";"Ba"
"342";"15_1_12_3";207;449;"BET";"Mansonia altissima";"Bete"
"343";"15_1_12_4";206;262;"BA";"Celtis mildbraedii";"Ba"
"344";"15_1_2_7";112;233;"BA";"Celtis mildbraedii";"Ba"
"345";"15_1_20_4";752;165;"LOL";"Lannea welwitschii";"Loloti"
"346";"15_1_4_9";651;299;"EHO";"Ricinodendron africanum";"Eho"
"347";"15_1_8_2";161;183;"ANB";"Aningueria robusta";"Aniegré blanc"
"348";"15_1_9_1";149;715;"LON";"Celtis adolphi-frederici";"Lohonfé"
"349";"15_2_10_9";900;230;"LOL";"Lannea welwitschii";"Loloti"
"350";"15_2_14_7";855;142;"LOT";"Sterculia rhinopetala";"Lotofa"
"351";"15_2_15_5";205;650;"AKT";"Gambeya africana";"Akatio"
"352";"15_2_25_2";851;169;"LON";"Celtis adolphi-frederici";"Lohonfé"
"353";"15_3_12_5";702;276;"EHO";"Ricinodendron africanum";"Eho"
"354";"15_3_12_8";508;425;"EHO";"Ricinodendron africanum";"Eho"
"355";"15_3_19_10";289;412;"LON";"Celtis adolphi-frederici";"Lohonfé"
"356";"15_3_4_2";126;387;"AKT";"Gambeya africana";"Akatio"
"357";"15_3_5_5";144;276;"BA";"Celtis mildbraedii";"Ba"
"358";"15_3_6_9";189;347;"BA";"Celtis mildbraedii";"Ba"
"359";"15_3_8_3";176;271;"BI";"Eribrema oblonga";"Bi ou Eyong"
"360";"15_3_9_4";169;437;"FRO";"Ceiba pentandra";"Fromager"
"361";"15_3_9_6";851;214;"LOL";"Lannea welwitschii";"Loloti"
"362";"15_4_19_7";853;220;"FRO";"Ceiba pentandra";"Fromager"
"363";"15_4_23_8";276;557;"BET";"Mansonia altissima";"Bete"
"364";"15_4_5_10";140;700;"SAM";"Triplochiton scleroxylon";"Samba"
"365";"15_4_8_1";700;916;"EHO";"Ricinodendron africanum";"Eho"
"366";"16_1_2_1";654;238;"FRO";"Ceiba pentandra";"Fromager"
"367";"16_1_2_3";719;404;"EHO";"Ricinodendron africanum";"Eho"
"368";"16_1_2_4";865;190;"FRO";"Ceiba pentandra";"Fromager"
"369";"16_1_5_2";886;292;"POR";"Sterculia tragacantha";"Pore-pore"
"370";"16_1_8_2";105;241;"KOB";"Nesogordonia papaverifera";"Kotibe"
"371";"16_2_10_6";850;353;"EHO";"Ricinodendron africanum";"Eho"
"372";"16_2_6_2";801;332;"FRO";"Ceiba pentandra";"Fromager"
"373";"16_2_6_9";147;1100;"KOT";"Pterygota macrocarpa";"Koto"
"374";"16_2_7_1";902;291;"EHO";"Ricinodendron africanum";"Eho"
"375";"16_3_1_1";850;202;"FRO";"Ceiba pentandra";"Fromager"
"376";"16_3_14_1";711;578;"FRO";"Ceiba pentandra";"Fromager"
"377";"16_3_19_4";897;311;"FRO";"Ceiba pentandra";"Fromager"
"378";"16_3_23_1";931;261;"EHO";"Ricinodendron africanum";"Eho"
"379";"16_3_25_4";964;142;"POR";"Sterculia tragacantha";"Pore-pore"
"380";"16_3_5_2";138;800;"LOL";"Lannea welwitschii";"Loloti"
"381";"16_4_1_11";853;162;"FRO";"Ceiba pentandra";"Fromager"
"382";"16_4_21_1";751;448;"EHO";"Ricinodendron africanum";"Eho"
"383";"17_1_19_5";252;354;"LOL";"Lannea welwitschii";"Loloti"
"384";"17_1_3_7";552;150;"LOL";"Lannea welwitschii";"Loloti"
"385";"17_2_1_2";750;380;"EHO";"Ricinodendron africanum";"Eho"
"386";"17_2_17_7";201;455;"BET";"Mansonia altissima";"Bete"
"387";"17_3_10_4";149;600;"BA";"Celtis mildbraedii";"Ba"
"388";"17_3_11_4";182;254;"ABO";"Entandrophragma cylindricum";"Sapelli"
"389";"17_3_11_8";178;195;"BA";"Celtis mildbraedii";"Ba"
"390";"17_3_12_3";196;669;"BA";"Celtis mildbraedii";"Ba"
"391";"17_3_17_3";152;300;"BA";"Celtis mildbraedii";"Ba"
"392";"17_3_18_5";234;600;"BA";"Celtis mildbraedii";"Ba"
"393";"17_3_9_11";152;275;"BA";"Celtis mildbraedii";"Ba"
"394";"17_4_1_8";101;600;"AKT";"Gambeya africana";"Akatio"
"395";"17_4_10_2";854;223;"POU";"Funtumia sp.";"Pouo"
"396";"17_4_20_3";174;610;"BA";"Celtis mildbraedii";"Ba"
"397";"17_4_21_4";704;531;"EHO";"Ricinodendron africanum";"Eho"
"398";"17_4_21_5";860;233;"IRO";"Chlorophora regia, C. excelsa";"Iroko"
"399";"17_4_7_1";106;150;"BA";"Celtis mildbraedii";"Ba"
"400";"18_1_10_4";750;265;"FRO";"Ceiba pentandra";"Fromager"
"401";"18_1_14_4";854;258;"EHO";"Ricinodendron africanum";"Eho"
"402";"18_1_21_3";952;206;"FRO";"Ceiba pentandra";"Fromager"
"403";"18_2_10_7";852;439;"EHO";"Ricinodendron africanum";"Eho"
"404";"18_2_15_6";208;188;"BA";"Celtis mildbraedii";"Ba"
"405";"18_2_17_17";234;121;"DIF";"Morus mesozygia";"Difou"
"406";"18_2_17_7";862;251;"LOL";"Lannea welwitschii";"Loloti"
"407";"18_2_24_9";700;238;"LOL";"Lannea welwitschii";"Loloti"
"408";"18_2_25_9";274;130;"BA";"Celtis mildbraedii";"Ba"
"409";"18_2_6_3";183;306;"ACA";"Khaya ivorensis , anthotheca";"Acajou blanc"
"410";"18_2_7_1";750;328;"FRO";"Ceiba pentandra";"Fromager"
"411";"18_2_9_7";853;172;"LOL";"Lannea welwitschii";"Loloti"
"412";"18_3_10_1";119;620;"ANB";"Aningueria robusta";"Aniegré blanc"
"413";"18_3_12_5";753;341;"EHO";"Ricinodendron africanum";"Eho"
"414";"18_3_17_6";869;520;"EHO";"Ricinodendron africanum";"Eho"
"415";"18_3_3_10";858;219;"LOL";"Lannea welwitschii";"Loloti"
"416";"18_4_12_11";168;273;"KOT";"Pterygota macrocarpa";"Koto"
"417";"18_4_12_12";152;129;"BA";"Celtis mildbraedii";"Ba"
"418";"18_4_12_13";169;179;"BA";"Celtis mildbraedii";"Ba"
"419";"18_4_13_15";802;340;"FRO";"Ceiba pentandra";"Fromager"
"420";"18_4_14_4";186;400;"BA";"Celtis mildbraedii";"Ba"
"421";"18_4_14_6";860;207;"KEK";"Holoptelea grandis";"Kekele"
"422";"18_4_15_6";754;182;"FRO";"Ceiba pentandra";"Fromager"
"423";"18_4_15_7";906;403;"EHO";"Ricinodendron africanum";"Eho"
"424";"18_4_18_1";216;151;"BA";"Celtis mildbraedii";"Ba"
"425";"18_4_20_6";953;168;"LOL";"Lannea welwitschii";"Loloti"
"426";"18_4_21_11";269;512;"BA";"Celtis mildbraedii";"Ba"
"427";"18_4_22_19";704;125;"LON";"Celtis adolphi-frederici";"Lohonfé"
"428";"18_4_22_4";251;500;"BA";"Celtis mildbraedii";"Ba"
"429";"18_4_23_8";863;165;"BA";"Celtis mildbraedii";"Ba"
"430";"18_4_24_13";271;184;"BA";"Celtis mildbraedii";"Ba"
"431";"18_4_25_1";278;266;"BA";"Celtis mildbraedii";"Ba"
"432";"19_1_13_4";208;427;"EHO";"Ricinodendron africanum";"Eho"
"433";"19_1_15_12";956;221;"ASA";"Celtis zenkeri";"Asan"
"434";"19_1_2_8";852;138;"BA";"Celtis mildbraedii";"Ba"
"435";"19_1_3_13";750;203;"EHO";"Ricinodendron africanum";"Eho"
"436";"19_1_6_6";189;184;"BA";"Celtis mildbraedii";"Ba"
"437";"19_2_1_4";751;165;"KEK";"Holoptelea grandis";"Kekele"
"438";"19_2_17_3";855;331;"LOL";"Lannea welwitschii";"Loloti"
"439";"19_2_19_6";288;700;"ABO";"Entandrophragma cylindricum";"Sapelli"
"440";"19_2_2_1";950;224;"FRO";"Ceiba pentandra";"Fromager"
"441";"19_2_23_7";850;392;"LOL";"Lannea welwitschii";"Loloti"
"442";"19_2_8_1";169;500;"AKT";"Gambeya africana";"Akatio"
"443";"19_3_1_2";851;429;"EHO";"Ricinodendron africanum";"Eho"
"444";"19_3_13_1";857;228;"ACA";"Khaya ivorensis , anthotheca";"Acajou blanc"
"445";"2_1_1_2";650;178;"KOT";"Pterygota macrocarpa";"Koto"
"446";"2_1_10_6";124;495;"EHO";"Ricinodendron africanum";"Eho"
"447";"2_1_10_9";126;400;"BA";"Celtis mildbraedii";"Ba"
"448";"2_1_11_14";868;262;"FRO";"Ceiba pentandra";"Fromager"
"449";"2_1_11_8";950;174;"LOL";"Lannea welwitschii";"Loloti"
"450";"2_1_14_10";194;145;"BA";"Celtis mildbraedii";"Ba"
"451";"2_1_14_14";550;156;"AKT";"Gambeya africana";"Akatio"
"452";"2_1_14_9";197;281;"BA";"Celtis mildbraedii";"Ba"
"453";"2_1_15_10";213;900;"FRO";"Ceiba pentandra";"Fromager"
"454";"2_1_15_4";209;460;"BI";"Eribrema oblonga";"Bi ou Eyong"
"455";"2_1_16_14";256;189;"BA";"Celtis mildbraedii";"Ba"
"456";"2_1_17_2";862;320;"LOL";"Lannea welwitschii";"Loloti"
"457";"2_1_18_12";311;225;"AKA";"Scottelia sp.";"Akossika"
"458";"2_1_19_7";232;653;"LOL";"Lannea welwitschii";"Loloti"
"459";"2_1_2_7";856;199;"EHO";"Ricinodendron africanum";"Eho"
"460";"2_1_25_3";305;412;"BET";"Mansonia altissima";"Bete"
"461";"2_1_3_12";112;426;"AZD";"Afzelia bella";"Azodau"
"462";"2_1_4_6";858;233;"EHO";"Ricinodendron africanum";"Eho"
"463";"2_1_7_11";151;1050;"FRO";"Ceiba pentandra";"Fromager"
"464";"2_2_10_1";158;900;"SAM";"Triplochiton scleroxylon";"Samba"
"465";"2_2_10_7";150;700;"BET";"Mansonia altissima";"Bete"
"466";"2_2_11_1";239;900;"LOT";"Sterculia rhinopetala";"Lotofa"
"467";"2_2_13_1";701;229;"LOT";"Sterculia rhinopetala";"Lotofa"
"468";"2_2_13_5";218;2000;"KOB";"Nesogordonia papaverifera";"Kotibe"
"469";"2_2_13_8";219;435;"ASA";"Celtis zenkeri";"Asan"
"470";"2_2_15_12";854;100;"DIF";"Morus mesozygia";"Difou"
"471";"2_2_15_9";246;900;"SAM";"Triplochiton scleroxylon";"Samba"
"472";"2_2_16_1";284;800;"BA";"Celtis mildbraedii";"Ba"
"473";"2_2_17_3";651;137;"KOT";"Pterygota macrocarpa";"Koto"
"474";"2_2_18_3";257;215;"BA";"Celtis mildbraedii";"Ba"
"475";"2_2_18_6";263;374;"BI";"Eribrema oblonga";"Bi ou Eyong"
"476";"2_2_21_1";903;176;"FRK";"Terminalia superba";"Frake"
"477";"2_2_22_1";295;165;"DIF";"Morus mesozygia";"Difou"
"478";"2_2_22_3";296;700;"LOL";"Lannea welwitschii";"Loloti"
"479";"2_2_24_1";602;350;"FRO";"Ceiba pentandra";"Fromager"
"480";"2_2_24_2";310;391;"EHO";"Ricinodendron africanum";"Eho"
"481";"2_2_24_3";311;178;"ABO";"Entandrophragma cylindricum";"Sapelli"
"482";"2_2_25_1";316;271;"BA";"Celtis mildbraedii";"Ba"
"483";"2_2_25_14";315;398;"LOL";"Lannea welwitschii";"Loloti"
"484";"2_2_5_3";146;1100;"SAM";"Triplochiton scleroxylon";"Samba"
"485";"2_2_5_9";803;150;"KOT";"Pterygota macrocarpa";"Koto"
"486";"2_2_7_2";191;146;"BA";"Celtis mildbraedii";"Ba"
"487";"2_2_7_3";180;500;"BA";"Celtis mildbraedii";"Ba"
"488";"2_2_9_7";850;368;"EHO";"Ricinodendron africanum";"Eho"
"489";"2_3_1_3";900;180;"IRO";"Chlorophora regia, C. excelsa";"Iroko"
"490";"2_3_14_11";162;553;"BA";"Celtis mildbraedii";"Ba"
"491";"2_3_14_2";650;376;"FRO";"Ceiba pentandra";"Fromager"
"492";"2_3_15_1";904;238;"EHO";"Ricinodendron africanum";"Eho"
"493";"2_3_15_17";805;370;"EHO";"Ricinodendron africanum";"Eho"
"494";"2_3_15_19";700;295;"EHO";"Ricinodendron africanum";"Eho"
"495";"2_3_15_2";169;231;"AKA";"Scottelia sp.";"Akossika"
"496";"2_3_15_24";178;403;"BA";"Celtis mildbraedii";"Ba"
"497";"2_3_15_4";855;213;"FRO";"Ceiba pentandra";"Fromager"
"498";"2_3_15_7";175;349;"BA";"Celtis mildbraedii";"Ba"
"499";"2_3_15_8";177;465;"BA";"Celtis mildbraedii";"Ba"
"500";"2_3_16_4";205;188;"BA";"Celtis mildbraedii";"Ba"
"501";"2_3_17_7";951;239;"EHO";"Ricinodendron africanum";"Eho"
"502";"2_3_20_2";182;845;"LOL";"Lannea welwitschii";"Loloti"
"503";"2_3_22_5";211;500;"AMZ";"Guibourtia ehie";"Amazakoué"
"504";"2_3_23_1";218;700;"EMI";"Alstonia congensis";"Emien"
"505";"2_3_23_4";224;1200;"AZD";"Afzelia bella";"Azodau"
"506";"2_3_5_7";852;310;"EHO";"Ricinodendron africanum";"Eho"
"507";"2_3_5_8";802;315;"FRO";"Ceiba pentandra";"Fromager"
"508";"2_3_6_10";803;488;"EHO";"Ricinodendron africanum";"Eho"
"509";"2_4_1_10";900;210;"KOT";"Pterygota macrocarpa";"Koto"
"510";"2_4_11_2";851;163;"BET";"Mansonia altissima";"Bete"
"511";"2_4_15_10";238;285;"KOB";"Nesogordonia papaverifera";"Kotibe"
"512";"20_1_13_5";166;483;"LOL";"Lannea welwitschii";"Loloti"
"513";"20_1_17_10";902;196;"FRO";"Ceiba pentandra";"Fromager"
"514";"20_1_24_2";206;520;"AKT";"Gambeya africana";"Akatio"
"515";"20_2_14_6";852;340;"EHO";"Ricinodendron africanum";"Eho"
"516";"20_2_6_3";600;260;"FRO";"Ceiba pentandra";"Fromager"
"517";"20_3_10_3";701;408;"FRO";"Ceiba pentandra";"Fromager"
"518";"20_3_21_2";509;375;"EHO";"Ricinodendron africanum";"Eho"
"519";"20_3_5_9";600;153;"BI";"Eribrema oblonga";"Bi ou Eyong"
"520";"20_3_9_2";751;331;"IRO";"Chlorophora regia, C. excelsa";"Iroko"
"521";"20_4_13_5";152;575;"DIF";"Morus mesozygia";"Difou"
"522";"20_4_19_3";903;195;"LOL";"Lannea welwitschii";"Loloti"
"523";"20_4_19_7";162;500;"POU";"Funtumia sp.";"Pouo"
"524";"20_4_20_1";164;800;"OBA";"Bombax buonopozense";"Oba (Kapokier)"
"525";"20_4_23_2";809;389;"FRO";"Ceiba pentandra";"Fromager"
"526";"20_4_24_15";958;185;"FRO";"Ceiba pentandra";"Fromager"
"527";"20_4_25_9";958;209;"FRO";"Ceiba pentandra";"Fromager"
"528";"21_1_18_4";804;285;"LOT";"Sterculia rhinopetala";"Lotofa"
"529";"21_1_2_16";852;113;"BA";"Celtis mildbraedii";"Ba"
"530";"21_1_2_4";113;417;"ACA";"Khaya ivorensis , anthotheca";"Acajou blanc"
"531";"21_1_25_3";859;180;"LOL";"Lannea welwitschii";"Loloti"
"532";"21_1_4_2";148;700;"BA";"Celtis mildbraedii";"Ba"
"533";"21_1_4_4";146;700;"SAM";"Triplochiton scleroxylon";"Samba"
"534";"21_2_10_12";114;515;"BA";"Celtis mildbraedii";"Ba"
"535";"21_2_10_2";105;363;"LON";"Celtis adolphi-frederici";"Lohonfé"
"536";"21_2_10_4";106;273;"BA";"Celtis mildbraedii";"Ba"
"537";"21_2_11_13";159;231;"TIA";"Entandrophragma angolense";"Tiama"
"538";"21_2_11_16";160;602;"BA";"Celtis mildbraedii";"Ba"
"539";"21_2_12_10";802;345;"EHO";"Ricinodendron africanum";"Eho"
"540";"21_2_12_3";170;750;"KOB";"Nesogordonia papaverifera";"Kotibe"
"541";"21_2_13_1";190;950;"OBA";"Bombax buonopozense";"Oba (Kapokier)"
"542";"21_2_13_6";192;181;"DIF";"Morus mesozygia";"Difou"
"543";"21_2_14_6";877;165;"SAM";"Triplochiton scleroxylon";"Samba"
"544";"21_2_16_6";220;505;"AMZ";"Guibourtia ehie";"Amazakoué"
"545";"21_2_17_2";209;134;"LOT";"Sterculia rhinopetala";"Lotofa"
"546";"21_2_25_2";869;471;"EHO";"Ricinodendron africanum";"Eho"
"547";"21_2_25_4";257;450;"BI";"Eribrema oblonga";"Bi ou Eyong"
"548";"21_2_6_5";226;510;"EMI";"Alstonia congensis";"Emien"
"549";"21_3_11_1";151;480;"BA";"Celtis mildbraedii";"Ba"
"550";"21_3_11_2";850;195;"SAM";"Triplochiton scleroxylon";"Samba"
"551";"21_3_11_6";510;202;"ABO";"Entandrophragma cylindricum";"Sapelli"
"552";"21_3_15_3";858;311;"EHO";"Ricinodendron africanum";"Eho"
"553";"21_3_15_5";160;450;"LOT";"Sterculia rhinopetala";"Lotofa"
"554";"21_3_17_13";862;135;"BET";"Mansonia altissima";"Bete"
"555";"21_3_17_15";246;232;"BA";"Celtis mildbraedii";"Ba"
"556";"21_3_17_16";249;167;"BA";"Celtis mildbraedii";"Ba"
"557";"21_3_18_2";189;321;"BA";"Celtis mildbraedii";"Ba"
"558";"21_3_24_2";861;143;"BA";"Celtis mildbraedii";"Ba"
"559";"21_3_24_6";254;173;"EHO";"Ricinodendron africanum";"Eho"
"560";"21_3_4_14";855;400;"BET";"Mansonia altissima";"Bete"
"561";"21_3_4_5";135;149;"BA";"Celtis mildbraedii";"Ba"
"562";"21_3_5_10";149;426;"BA";"Celtis mildbraedii";"Ba"
"563";"21_3_6_2";902;230;"ACA";"Khaya ivorensis , anthotheca";"Acajou blanc"
"564";"21_3_9_6";175;420;"KOB";"Nesogordonia papaverifera";"Kotibe"
"565";"21_4_1_9";113;500;"KOT";"Pterygota macrocarpa";"Koto"
"566";"21_4_10_1";191;395;"EMI";"Alstonia congensis";"Emien"
"567";"21_4_11_2";180;441;"BA";"Celtis mildbraedii";"Ba"
"568";"21_4_11_4";193;650;"AKA";"Scottelia sp.";"Akossika"
"569";"21_4_12_1";126;255;"BI";"Eribrema oblonga";"Bi ou Eyong"
"570";"21_4_15_1";228;175;"LOT";"Sterculia rhinopetala";"Lotofa"
"571";"21_4_16_11";300;3545;"LAT";"Amphimas pterocarpoïdes";"Lati"
"572";"21_4_16_13";302;433;"OBA";"Bombax buonopozense";"Oba (Kapokier)"
"573";"21_4_20_1";174;291;"LOT";"Sterculia rhinopetala";"Lotofa"
"574";"21_4_22_5";274;480;"BET";"Mansonia altissima";"Bete"
"575";"21_4_23_3";275;530;"SAM";"Triplochiton scleroxylon";"Samba"
"576";"21_4_25_10";317;308;"BA";"Celtis mildbraedii";"Ba"
"577";"21_4_25_15";315;450;"SAM";"Triplochiton scleroxylon";"Samba"
"578";"21_4_25_2";506;255;"LOT";"Sterculia rhinopetala";"Lotofa"
"579";"21_4_3_11";134;900;"ABO";"Entandrophragma cylindricum";"Sapelli"
"580";"21_4_3_15";140;542;"ASA";"Celtis zenkeri";"Asan"
"581";"21_4_3_2";703;239;"AKT";"Gambeya africana";"Akatio"
"582";"21_4_3_9";136;207;"LOT";"Sterculia rhinopetala";"Lotofa"
"583";"21_4_6_10";177;257;"LOT";"Sterculia rhinopetala";"Lotofa"
"584";"21_4_6_15";165;340;"BA";"Celtis mildbraedii";"Ba"
"585";"21_4_6_16";903;230;"EHO";"Ricinodendron africanum";"Eho"
"586";"21_4_7_4";854;115;"BA";"Celtis mildbraedii";"Ba"
"587";"21_4_8_3";954;153;"LOL";"Lannea welwitschii";"Loloti"
"588";"21_4_9_1";199;242;"LOT";"Sterculia rhinopetala";"Lotofa"
"589";"21_4_9_10";192;900;"ABO";"Entandrophragma cylindricum";"Sapelli"
"590";"21_4_9_2";209;700;"LOT";"Sterculia rhinopetala";"Lotofa"
"591";"22_1_1_1";704;242;"FRO";"Ceiba pentandra";"Fromager"
"592";"22_1_1_2";705;600;"FRO";"Ceiba pentandra";"Fromager"
"593";"22_1_12_16";923;131;"FRO";"Ceiba pentandra";"Fromager"
"594";"22_1_12_2";893;197;"FRO";"Ceiba pentandra";"Fromager"
"595";"22_1_12_3";895;234;"FRO";"Ceiba pentandra";"Fromager"
"596";"22_1_17_6";911;101;"AKA";"Scottelia sp.";"Akossika"
"597";"22_1_17_7";197;214;"BA";"Celtis mildbraedii";"Ba"
"598";"22_1_2_10";901;152;"FRO";"Ceiba pentandra";"Fromager"
"599";"22_1_2_13";711;216;"FRO";"Ceiba pentandra";"Fromager"
"600";"22_1_2_14";854;136;"FRO";"Ceiba pentandra";"Fromager"
"601";"22_1_2_16";853;134;"FRO";"Ceiba pentandra";"Fromager"
"602";"22_1_2_8";715;236;"FRO";"Ceiba pentandra";"Fromager"
"603";"22_1_2_9";712;232;"FRO";"Ceiba pentandra";"Fromager"
"604";"22_1_23_10";914;189;"FRO";"Ceiba pentandra";"Fromager"
"605";"22_1_23_5";507;850;"EHO";"Ricinodendron africanum";"Eho"
"606";"22_1_23_9";915;192;"FRO";"Ceiba pentandra";"Fromager"
"607";"22_1_24_10";883;227;"FRO";"Ceiba pentandra";"Fromager"
"608";"22_1_24_4";726;245;"FRK";"Terminalia superba";"Frake"
"609";"22_1_3_3";872;130;"FRK";"Terminalia superba";"Frake"
"610";"22_1_3_7";806;238;"FRO";"Ceiba pentandra";"Fromager"
"611";"22_1_3_8";907;173;"FRO";"Ceiba pentandra";"Fromager"
"612";"22_1_8_3";139;900;"SAM";"Triplochiton scleroxylon";"Samba"
"613";"22_1_9_4";713;217;"FRO";"Ceiba pentandra";"Fromager"
"614";"22_1_9_5";754;196;"FRO";"Ceiba pentandra";"Fromager"
"615";"22_1_9_6";757;400;"FRO";"Ceiba pentandra";"Fromager"
"616";"22_1_9_9";802;463;"FRO";"Ceiba pentandra";"Fromager"
"617";"22_2_1_4";850;377;"EHO";"Ricinodendron africanum";"Eho"
"618";"22_2_1_5";950;225;"POR";"Sterculia tragacantha";"Pore-pore"
"619";"22_2_13_11";181;292;"AKT";"Gambeya africana";"Akatio"
"620";"22_2_13_8";901;325;"EHO";"Ricinodendron africanum";"Eho"
"621";"22_2_19_10";650;159;"LOL";"Lannea welwitschii";"Loloti"
"622";"22_2_2_9";800;197;"FRO";"Ceiba pentandra";"Fromager"
"623";"22_2_4_8";123;443;"BA";"Celtis mildbraedii";"Ba"
"624";"22_2_6_12";168;550;"SAM";"Triplochiton scleroxylon";"Samba"
"625";"22_2_6_4";162;280;"BA";"Celtis mildbraedii";"Ba"
"626";"22_2_6_7";602;211;"AKO";"Antiaris africana";"Ako"
"627";"22_2_7_14";153;550;"BA";"Celtis mildbraedii";"Ba"
"628";"22_3_1_5";116;382;"BI";"Eribrema oblonga";"Bi ou Eyong"
"629";"22_3_15_1";654;526;"EHO";"Ricinodendron africanum";"Eho"
"630";"22_3_15_8";750;450;"FRK";"Terminalia superba";"Frake"
"631";"22_3_16_1";712;400;"FRK";"Terminalia superba";"Frake"
"632";"22_3_17_1";878;635;"FRO";"Ceiba pentandra";"Fromager"
"633";"22_3_3_4";131;599;"BA";"Celtis mildbraedii";"Ba"
"634";"22_3_6_10";652;461;"FRK";"Terminalia superba";"Frake"
"635";"22_3_6_2";869;156;"FRO";"Ceiba pentandra";"Fromager"
"636";"22_3_6_7";209;141;"LON";"Celtis adolphi-frederici";"Lohonfé"
"637";"22_3_6_9";653;454;"FRK";"Terminalia superba";"Frake"
"638";"22_3_7_5";861;236;"AKO";"Antiaris africana";"Ako"
"639";"22_3_8_5";857;148;"LOL";"Lannea welwitschii";"Loloti"
"640";"22_4_10_12";105;229;"BOS";"Guarea cedrata";"Bossé"
"641";"22_4_10_4";145;450;"BA";"Celtis mildbraedii";"Ba"
"642";"22_4_14_4";901;138;"FRO";"Ceiba pentandra";"Fromager"
"643";"22_4_15_1";868;273;"FRO";"Ceiba pentandra";"Fromager"
"644";"22_4_22_2";875;450;"IRO";"Chlorophora regia, C. excelsa";"Iroko"
"645";"22_4_23_1";704;550;"FRO";"Ceiba pentandra";"Fromager"
"646";"22_4_23_2";703;600;"FRO";"Ceiba pentandra";"Fromager"
"647";"22_4_23_3";700;700;"FRO";"Ceiba pentandra";"Fromager"
"648";"22_4_23_4";753;337;"FRO";"Ceiba pentandra";"Fromager"
"649";"22_4_23_6";752;337;"FRO";"Ceiba pentandra";"Fromager"
"650";"22_4_24_14";871;184;"FRO";"Ceiba pentandra";"Fromager"
"651";"22_4_5_4";504;459;"IRO";"Chlorophora regia, C. excelsa";"Iroko"
"652";"22_4_6_1";601;515;"SAM";"Triplochiton scleroxylon";"Samba"
"653";"22_4_6_8";602;305;"FRO";"Ceiba pentandra";"Fromager"
"654";"22_4_9_3";860;315;"FRO";"Ceiba pentandra";"Fromager"
"655";"23_1_1_1";502;182;"AKT";"Gambeya africana";"Akatio"
"656";"23_1_14_11";600;213;"FRO";"Ceiba pentandra";"Fromager"
"657";"23_1_15_5";508;659;"AKO";"Antiaris africana";"Ako"
"658";"23_1_15_8";507;251;"KOT";"Pterygota macrocarpa";"Koto"
"659";"23_1_15_9";804;187;"LOL";"Lannea welwitschii";"Loloti"
"660";"23_1_16_5";214;263;"DIF";"Morus mesozygia";"Difou"
"661";"23_1_18_3";189;507;"LOL";"Lannea welwitschii";"Loloti"
"662";"23_1_2_10";109;416;"SAM";"Triplochiton scleroxylon";"Samba"
"663";"23_1_2_9";108;700;"SAM";"Triplochiton scleroxylon";"Samba"
"664";"23_1_21_6";224;175;"BA";"Celtis mildbraedii";"Ba"
"665";"23_1_3_1";752;507;"EHO";"Ricinodendron africanum";"Eho"
"666";"23_1_3_4";853;156;"KOT";"Pterygota macrocarpa";"Koto"
"667";"23_1_3_6";700;562;"EHO";"Ricinodendron africanum";"Eho"
"668";"23_1_4_6";802;419;"EHO";"Ricinodendron africanum";"Eho"
"669";"23_1_7_8";864;231;"FRO";"Ceiba pentandra";"Fromager"
"670";"23_1_8_1";856;211;"FRO";"Ceiba pentandra";"Fromager"
"671";"23_1_9_5";125;750;"SAM";"Triplochiton scleroxylon";"Samba"
"672";"23_2_1_6";105;321;"BA";"Celtis mildbraedii";"Ba"
"673";"23_2_10_12";140;250;"DIF";"Morus mesozygia";"Difou"
"674";"23_2_13_11";203;294;"BA";"Celtis mildbraedii";"Ba"
"675";"23_2_14_6";211;2500;"FRO";"Ceiba pentandra";"Fromager"
"676";"23_2_16_2";651;185;"AKT";"Gambeya africana";"Akatio"
"677";"23_2_17_2";262;572;"BET";"Mansonia altissima";"Bete"
"678";"23_2_18_16";254;352;"LON";"Celtis adolphi-frederici";"Lohonfé"
"679";"23_2_18_3";197;472;"BET";"Mansonia altissima";"Bete"
"680";"23_2_18_7";261;400;"DIF";"Morus mesozygia";"Difou"
"681";"23_2_19_10";242;230;"BI";"Eribrema oblonga";"Bi ou Eyong"
"682";"23_2_19_12";249;650;"SAM";"Triplochiton scleroxylon";"Samba"
"683";"23_2_19_17";253;284;"LOT";"Sterculia rhinopetala";"Lotofa"
"684";"23_2_19_18";252;149;"BA";"Celtis mildbraedii";"Ba"
"685";"23_2_19_27";240;233;"BA";"Celtis mildbraedii";"Ba"
"686";"23_2_19_7";239;496;"AMZ";"Guibourtia ehie";"Amazakoué"
"687";"23_2_20_5";235;700;"SAM";"Triplochiton scleroxylon";"Samba"
"688";"23_2_21_11";272;231;"BI";"Eribrema oblonga";"Bi ou Eyong"
"689";"23_2_22_18";283;127;"BA";"Celtis mildbraedii";"Ba"
"690";"23_2_22_3";279;193;"DIF";"Morus mesozygia";"Difou"
"691";"23_2_23_8";288;158;"BA";"Celtis mildbraedii";"Ba"
"692";"23_2_25_3";298;1050;"ASA";"Celtis zenkeri";"Asan"
"693";"23_2_25_9";295;266;"BA";"Celtis mildbraedii";"Ba"
"694";"23_2_3_12";900;156;"ANB";"Aningueria robusta";"Aniegré blanc"
"695";"23_2_3_3";113;290;"DIF";"Morus mesozygia";"Difou"
"696";"23_2_3_8";851;191;"KEK";"Holoptelea grandis";"Kekele"
"697";"23_2_4_10";127;395;"BA";"Celtis mildbraedii";"Ba"
"698";"23_2_4_12";128;482;"ASA";"Celtis zenkeri";"Asan"
"699";"23_2_4_13";130;217;"BI";"Eribrema oblonga";"Bi ou Eyong"
"700";"23_2_4_5";124;225;"AKA";"Scottelia sp.";"Akossika"
"701";"23_2_7_4";170;596;"LOL";"Lannea welwitschii";"Loloti"
"702";"23_3_1_14";855;178;"EHO";"Ricinodendron africanum";"Eho"
"703";"23_3_10_18";121;600;"ANB";"Aningueria robusta";"Aniegré blanc"
"704";"23_3_11_1";701;164;"ACA";"Khaya ivorensis , anthotheca";"Acajou blanc"
"705";"23_3_11_13";866;358;"FRO";"Ceiba pentandra";"Fromager"
"706";"23_3_11_14";167;428;"BA";"Celtis mildbraedii";"Ba"
"707";"23_3_12_19";241;403;"SAM";"Triplochiton scleroxylon";"Samba"
"708";"23_3_12_4";168;215;"LOT";"Sterculia rhinopetala";"Lotofa"
"709";"23_3_13_1";176;203;"BA";"Celtis mildbraedii";"Ba"
"710";"23_3_13_11";180;587;"DIF";"Morus mesozygia";"Difou"
"711";"23_3_13_13";181;248;"LOT";"Sterculia rhinopetala";"Lotofa"
"712";"23_3_15_1";192;205;"BI";"Eribrema oblonga";"Bi ou Eyong"
"713";"23_3_15_2";194;750;"KOT";"Pterygota macrocarpa";"Koto"
"714";"23_3_16_1";226;900;"SAM";"Triplochiton scleroxylon";"Samba"
"715";"23_3_16_12";500;160;"AKA";"Scottelia sp.";"Akossika"
"716";"23_3_16_4";223;210;"DIF";"Morus mesozygia";"Difou"
"717";"23_3_17_2";216;231;"SAM";"Triplochiton scleroxylon";"Samba"
"718";"23_3_18_2";212;162;"AMZ";"Guibourtia ehie";"Amazakoué"
"719";"23_3_18_4";184;482;"ANB";"Aningueria robusta";"Aniegré blanc"
"720";"23_3_18_5";215;650;"AMZ";"Guibourtia ehie";"Amazakoué"
"721";"23_3_18_6";213;217;"DIF";"Morus mesozygia";"Difou"
"722";"23_3_2_16";751;166;"LOT";"Sterculia rhinopetala";"Lotofa"
"723";"23_3_2_4";107;302;"LOT";"Sterculia rhinopetala";"Lotofa"
"724";"23_3_2_6";857;288;"FRO";"Ceiba pentandra";"Fromager"
"725";"23_3_2_8";856;178;"AKT";"Gambeya africana";"Akatio"
"726";"23_3_20_1";199;600;"SAM";"Triplochiton scleroxylon";"Samba"
"727";"23_3_22_11";865;229;"FRO";"Ceiba pentandra";"Fromager"
"728";"23_3_22_6";952;230;"EHO";"Ricinodendron africanum";"Eho"
"729";"23_3_23_2";237;505;"EHO";"Ricinodendron africanum";"Eho"
"730";"23_3_23_6";239;1100;"SAM";"Triplochiton scleroxylon";"Samba"
"731";"23_3_23_9";240;1200;"FRO";"Ceiba pentandra";"Fromager"
"732";"23_3_24_11";247;3000;"FRO";"Ceiba pentandra";"Fromager"
"733";"23_3_25_5";251;437;"ANB";"Aningueria robusta";"Aniegré blanc"
"734";"23_3_25_6";249;320;"ANB";"Aningueria robusta";"Aniegré blanc"
"735";"23_3_4_21";860;128;"LOT";"Sterculia rhinopetala";"Lotofa"
"736";"23_3_5_2";233;900;"LOT";"Sterculia rhinopetala";"Lotofa"
"737";"23_3_5_4";861;340;"FRO";"Ceiba pentandra";"Fromager"
"738";"23_3_8_4";801;106;"DIF";"Morus mesozygia";"Difou"
"739";"23_3_8_7";149;429;"BA";"Celtis mildbraedii";"Ba"
"740";"23_3_9_1";859;114;"DIF";"Morus mesozygia";"Difou"
"741";"23_3_9_4";133;700;"EMI";"Alstonia congensis";"Emien"
"742";"23_3_9_7";139;262;"AKA";"Scottelia sp.";"Akossika"
"743";"23_4_1_1";229;279;"BA";"Celtis mildbraedii";"Ba"
"744";"23_4_1_4";900;158;"ACA";"Khaya ivorensis , anthotheca";"Acajou blanc"
"745";"23_4_12_16";651;550;"FRO";"Ceiba pentandra";"Fromager"
"746";"23_4_13_14";168;268;"BA";"Celtis mildbraedii";"Ba"
"747";"23_4_13_6";166;241;"AKA";"Scottelia sp.";"Akossika"
"748";"23_4_14_11";175;700;"AKT";"Gambeya africana";"Akatio"
"749";"23_4_14_4";863;272;"EHO";"Ricinodendron africanum";"Eho"
"750";"23_4_14_6";864;175;"BET";"Mansonia altissima";"Bete"
"751";"23_4_15_12";264;600;"SAM";"Triplochiton scleroxylon";"Samba"
"752";"23_4_15_7";180;263;"BI";"Eribrema oblonga";"Bi ou Eyong"
"753";"23_4_15_9";181;659;"ACA";"Khaya ivorensis , anthotheca";"Acajou blanc"
"754";"23_4_16_18";214;205;"DIF";"Morus mesozygia";"Difou"
"755";"23_4_16_6";216;120;"LOT";"Sterculia rhinopetala";"Lotofa"
"756";"23_4_17_10";206;236;"SAM";"Triplochiton scleroxylon";"Samba"
"757";"23_4_17_11";207;279;"FRO";"Ceiba pentandra";"Fromager"
"758";"23_4_17_13";208;700;"BA";"Celtis mildbraedii";"Ba"
"759";"23_4_17_5";203;550;"BA";"Celtis mildbraedii";"Ba"
"760";"23_4_19_8";190;377;"BA";"Celtis mildbraedii";"Ba"
"761";"23_4_20_1";186;296;"BA";"Celtis mildbraedii";"Ba"
"762";"23_4_20_3";605;388;"AKO";"Antiaris africana";"Ako"
"763";"23_4_22_2";223;277;"BA";"Celtis mildbraedii";"Ba"
"764";"23_4_23_18";230;167;"AKA";"Scottelia sp.";"Akossika"
"765";"23_4_23_7";239;900;"FRO";"Ceiba pentandra";"Fromager"
"766";"23_4_25_5";256;195;"BA";"Celtis mildbraedii";"Ba"
"767";"23_4_25_6";258;477;"SAM";"Triplochiton scleroxylon";"Samba"
"768";"23_4_3_18";801;395;"EHO";"Ricinodendron africanum";"Eho"
"769";"23_4_4_18";601;171;"BI";"Eribrema oblonga";"Bi ou Eyong"
"770";"23_4_4_19";602;285;"LOL";"Lannea welwitschii";"Loloti"
"771";"23_4_4_5";954;134;"FRO";"Ceiba pentandra";"Fromager"
"772";"23_4_4_7";804;701;"EHO";"Ricinodendron africanum";"Eho"
"773";"23_4_4_9";867;182;"EHO";"Ricinodendron africanum";"Eho"
"774";"23_4_5_2";120;244;"ANB";"Aningueria robusta";"Aniegré blanc"
"775";"23_4_7_5";145;504;"EHO";"Ricinodendron africanum";"Eho"
"776";"23_4_8_5";906;175;"FRO";"Ceiba pentandra";"Fromager"
"777";"23_4_8_6";905;170;"FRO";"Ceiba pentandra";"Fromager"
"778";"24_2_15_1";854;363;"LOL";"Lannea welwitschii";"Loloti"
"779";"24_2_22_10";278;223;"EMI";"Alstonia congensis";"Emien"
"780";"24_2_22_5";881;160;"TIA";"Entandrophragma angolense";"Tiama"
"781";"24_2_24_9";865;121;"LOL";"Lannea welwitschii";"Loloti"
"782";"24_2_25_17";557;337;"TIA";"Entandrophragma angolense";"Tiama"
"783";"24_3_4_3";855;398;"EHO";"Ricinodendron africanum";"Eho"
"784";"24_4_10_7";134;475;"BET";"Mansonia altissima";"Bete"
"785";"24_4_12_11";856;264;"FRO";"Ceiba pentandra";"Fromager"
"786";"24_4_12_3";211;508;"LON";"Celtis adolphi-frederici";"Lohonfé"
"787";"24_4_13_5";165;197;"BA";"Celtis mildbraedii";"Ba"
"788";"24_4_18_7";867;250;"FRO";"Ceiba pentandra";"Fromager"
"789";"24_4_19_3";804;389;"FRO";"Ceiba pentandra";"Fromager"
"790";"24_4_19_5";557;122;"DIF";"Morus mesozygia";"Difou"
"791";"24_4_21_5";754;223;"LOL";"Lannea welwitschii";"Loloti"
"792";"24_4_23_10";610;205;"FRO";"Ceiba pentandra";"Fromager"
"793";"24_4_24_5";751;158;"LOL";"Lannea welwitschii";"Loloti"
"794";"24_4_8_2";600;124;"BA";"Celtis mildbraedii";"Ba"
"795";"25_1_13_13";232;395;"BA";"Celtis mildbraedii";"Ba"
"796";"25_1_13_9";235;165;"BA";"Celtis mildbraedii";"Ba"
"797";"25_1_14_7";252;300;"LON";"Celtis adolphi-frederici";"Lohonfé"
"798";"25_1_16_1";300;403;"ABO";"Entandrophragma cylindricum";"Sapelli"
"799";"25_2_20_1";702;172;"BA";"Celtis mildbraedii";"Ba"
"800";"25_2_23_2";601;1100;"FRO";"Ceiba pentandra";"Fromager"
"801";"25_2_23_3";703;276;"FRO";"Ceiba pentandra";"Fromager"
"802";"25_2_24_1";318;300;"BA";"Celtis mildbraedii";"Ba"
"803";"25_2_4_9";146;394;"LON";"Celtis adolphi-frederici";"Lohonfé"
"804";"25_3_1_7";851;169;"FRO";"Ceiba pentandra";"Fromager"
"805";"25_3_10_7";167;505;"AKT";"Gambeya africana";"Akatio"
"806";"25_3_19_3";901;212;"LOL";"Lannea welwitschii";"Loloti"
"807";"25_4_12_8";192;232;"BA";"Celtis mildbraedii";"Ba"
"808";"25_4_16_3";203;600;"AKT";"Gambeya africana";"Akatio"
"809";"25_4_16_4";205;358;"KEK";"Holoptelea grandis";"Kekele"
"810";"25_4_16_7";230;478;"ASA";"Celtis zenkeri";"Asan"
"811";"25_4_20_12";219;600;"BI";"Eribrema oblonga";"Bi ou Eyong"
"812";"25_4_20_6";216;344;"LON";"Celtis adolphi-frederici";"Lohonfé"
"813";"25_4_7_7";166;350;"SAM";"Triplochiton scleroxylon";"Samba"
"814";"3_1_1_1";106;353;"BET";"Mansonia altissima";"Bete"
"815";"3_1_1_3";850;209;"FRO";"Ceiba pentandra";"Fromager"
"816";"3_1_1_3";850;209;"FRO";"Ceiba pentandra";"Fromager"
"817";"3_1_1_3";850;209;"FRO";"Ceiba pentandra";"Fromager"
"818";"3_1_1_3";850;209;"FRO";"Ceiba pentandra";"Fromager"
"819";"3_1_1_6";103;600;"AKT";"Gambeya africana";"Akatio"
"820";"3_1_1_7";106;411;"BET";"Mansonia altissima";"Bete"
"821";"3_1_10_3";171;300;"BA";"Celtis mildbraedii";"Ba"
"822";"3_1_11_19";858;178;"FRO";"Ceiba pentandra";"Fromager"
"823";"3_1_11_20";857;332;"FRO";"Ceiba pentandra";"Fromager"
"824";"3_1_11_20";857;332;"FRO";"Ceiba pentandra";"Fromager"
"825";"3_1_11_8";955;250;"FRO";"Ceiba pentandra";"Fromager"
"826";"3_1_12_12";235;480;"BET";"Mansonia altissima";"Bete"
"827";"3_1_12_12";235;480;"BET";"Mansonia altissima";"Bete"
"828";"3_1_12_12";235;480;"BET";"Mansonia altissima";"Bete"
"829";"3_1_12_15";229;171;"BA";"Celtis mildbraedii";"Ba"
"830";"3_1_13_15";244;366;"AKT";"Gambeya africana";"Akatio"
"831";"3_1_14_10";261;225;"BA";"Celtis mildbraedii";"Ba"
"832";"3_1_14_2";258;267;"BA";"Celtis mildbraedii";"Ba"
"833";"3_1_14_3";257;302;"AKT";"Gambeya africana";"Akatio"
"834";"3_1_15_5";802;133;"BA";"Celtis mildbraedii";"Ba"
"835";"3_1_16_3";325;250;"BA";"Celtis mildbraedii";"Ba"
"836";"3_1_18_6";306;400;"BA";"Celtis mildbraedii";"Ba"
"837";"3_1_18_7";301;308;"ABO";"Entandrophragma cylindricum";"Sapelli"
"838";"3_1_19_4";856;260;"BAE";"Fagara macrophylla";"Bahé"
"839";"3_1_19_9";200;475;"KOB";"Nesogordonia papaverifera";"Kotibe"
"840";"3_1_2_1";113;250;"EHO";"Ricinodendron africanum";"Eho"
"841";"3_1_2_8";119;372;"DIF";"Morus mesozygia";"Difou"
"842";"3_1_20_9";286;800;"BA";"Celtis mildbraedii";"Ba"
"843";"3_1_25_12";360;500;"BA";"Celtis mildbraedii";"Ba"
"844";"3_1_25_3";953;303;"IRO";"Chlorophora regia, C. excelsa";"Iroko"
"845";"3_1_25_3";953;303;"IRO";"Chlorophora regia, C. excelsa";"Iroko"
"846";"3_1_3_2";853;234;"FRO";"Ceiba pentandra";"Fromager"
"847";"3_1_3_3";851;190;"FRO";"Ceiba pentandra";"Fromager"
"848";"3_1_3_7";854;256;"FRO";"Ceiba pentandra";"Fromager"
"849";"3_1_4_2";801;277;"POR";"Sterculia tragacantha";"Pore-pore"
"850";"3_1_4_9";702;129;"AMZ";"Guibourtia ehie";"Amazakoué"
"851";"3_1_5_16";952;187;"FRO";"Ceiba pentandra";"Fromager"
"852";"3_1_5_5";151;121;"BA";"Celtis mildbraedii";"Ba"
"853";"3_1_6_1";149;175;"BA";"Celtis mildbraedii";"Ba"
"854";"3_1_6_13";209;256;"BA";"Celtis mildbraedii";"Ba"
"855";"3_1_6_14";208;500;"AKA";"Scottelia sp.";"Akossika"
"856";"3_1_6_16";203;181;"KOB";"Nesogordonia papaverifera";"Kotibe"
"857";"3_1_6_2";150;449;"AMZ";"Guibourtia ehie";"Amazakoué"
"858";"3_1_7_12";197;600;"AKT";"Gambeya africana";"Akatio"
"859";"3_1_7_12";197;600;"AKT";"Gambeya africana";"Akatio"
"860";"3_1_7_8";202;273;"AKT";"Gambeya africana";"Akatio"
"861";"3_1_8_10";600;105;"KOB";"Nesogordonia papaverifera";"Kotibe"
"862";"3_1_8_10";600;105;"KOB";"Nesogordonia papaverifera";"Kotibe"
"863";"3_1_8_6";192;550;"ASA";"Celtis zenkeri";"Asan"
"864";"3_2_1_3";103;307;"BA";"Celtis mildbraedii";"Ba"
"865";"3_2_10_3";139;450;"AKT";"Gambeya africana";"Akatio"
"866";"3_2_10_3";139;450;"AKT";"Gambeya africana";"Akatio"
"867";"3_2_17_7";223;576;"BET";"Mansonia altissima";"Bete"
"868";"3_2_18_8";800;269;"FRO";"Ceiba pentandra";"Fromager"
"869";"3_2_19_2";852;288;"FRO";"Ceiba pentandra";"Fromager"
"870";"3_2_2_2";153;165;"SAM";"Triplochiton scleroxylon";"Samba"
"871";"3_2_20_6";954;173;"BA";"Celtis mildbraedii";"Ba"
"872";"3_2_23_1";550;480;"EHO";"Ricinodendron africanum";"Eho"
"873";"3_2_25_5";802;330;"KOT";"Pterygota macrocarpa";"Koto"
"874";"3_2_6_10";900;189;"FRO";"Ceiba pentandra";"Fromager"
"875";"3_2_6_11";173;600;"BI";"Eribrema oblonga";"Bi ou Eyong"
"876";"3_2_6_14";174;600;"SAM";"Triplochiton scleroxylon";"Samba"
"877";"3_2_6_16";195;149;"BA";"Celtis mildbraedii";"Ba"
"878";"3_2_6_16";195;149;"BA";"Celtis mildbraedii";"Ba"
"879";"3_2_7_1";851;263;"EHO";"Ricinodendron africanum";"Eho"
"880";"3_2_7_2";160;412;"BA";"Celtis mildbraedii";"Ba"
"881";"3_2_7_3";163;250;"BA";"Celtis mildbraedii";"Ba"
"882";"3_3_10_3";850;429;"EHO";"Ricinodendron africanum";"Eho"
"883";"3_3_11_2";152;590;"ARI";"Trichilia tessmannii";"Aribanda"
"884";"3_3_11_4";150;405;"BET";"Mansonia altissima";"Bete"
"885";"3_3_13_7";174;550;"BA";"Celtis mildbraedii";"Ba"
"886";"3_3_17_1";311;188;"BA";"Celtis mildbraedii";"Ba"
"887";"3_3_18_6";603;302;"FRO";"Ceiba pentandra";"Fromager"
"888";"3_3_2_8";107;157;"AKT";"Gambeya africana";"Akatio"
"889";"3_3_2_8";107;157;"AKT";"Gambeya africana";"Akatio"
"890";"3_3_2_8";107;157;"AKT";"Gambeya africana";"Akatio"
"891";"3_3_20_3";264;590;"LOT";"Sterculia rhinopetala";"Lotofa"
"892";"3_3_20_3";264;590;"LOT";"Sterculia rhinopetala";"Lotofa"
"893";"3_3_20_6";861;310;"LOL";"Lannea welwitschii";"Loloti"
"894";"3_3_24_4";373;110;"POU";"Funtumia sp.";"Pouo"
"895";"3_3_7_3";187;187;"BA";"Celtis mildbraedii";"Ba"
"896";"3_3_8_1";501;550;"FRO";"Ceiba pentandra";"Fromager"
"897";"3_3_8_1";501;550;"FRO";"Ceiba pentandra";"Fromager"
"898";"3_3_9_2";163;585;"LOL";"Lannea welwitschii";"Loloti"
"899";"3_3_9_7";150;376;"BET";"Mansonia altissima";"Bete"
"900";"3_4_11_2";162;377;"BA";"Celtis mildbraedii";"Ba"
"901";"3_4_11_8";227;142;"BA";"Celtis mildbraedii";"Ba"
"902";"3_4_13_7";153;309;"BI";"Eribrema oblonga";"Bi ou Eyong"
"903";"3_4_14_10";243;450;"LON";"Celtis adolphi-frederici";"Lohonfé"
"904";"3_4_14_4";261;500;"BI";"Eribrema oblonga";"Bi ou Eyong"
"905";"3_4_14_5";262;1160;"BA";"Celtis mildbraedii";"Ba"
"906";"3_4_16_1";752;339;"FRO";"Ceiba pentandra";"Fromager"
"907";"3_4_16_1";752;339;"FRO";"Ceiba pentandra";"Fromager"
"908";"3_4_16_1";752;339;"FRO";"Ceiba pentandra";"Fromager"
"909";"3_4_16_1";752;339;"FRO";"Ceiba pentandra";"Fromager"
"910";"3_4_16_1";752;339;"FRO";"Ceiba pentandra";"Fromager"
"911";"3_4_16_9";335;187;"BA";"Celtis mildbraedii";"Ba"
"912";"3_4_17_1";753;302;"LOL";"Lannea welwitschii";"Loloti"
"913";"3_4_17_1";753;302;"LOL";"Lannea welwitschii";"Loloti"
"914";"3_4_17_5";319;608;"LON";"Celtis adolphi-frederici";"Lohonfé"
"915";"3_4_18_11";860;124;"BA";"Celtis mildbraedii";"Ba"
"916";"3_4_18_13";303;350;"SAM";"Triplochiton scleroxylon";"Samba"
"917";"3_4_18_13";303;350;"SAM";"Triplochiton scleroxylon";"Samba"
"918";"3_4_18_4";306;291;"BET";"Mansonia altissima";"Bete"
"919";"3_4_18_8";305;199;"ABO";"Entandrophragma cylindricum";"Sapelli"
"920";"3_4_18_9";307;480;"SAM";"Triplochiton scleroxylon";"Samba"
"921";"3_4_19_2";257;348;"POU";"Funtumia sp.";"Pouo"
"922";"3_4_2_11";122;362;"BA";"Celtis mildbraedii";"Ba"
"923";"3_4_2_4";120;277;"BA";"Celtis mildbraedii";"Ba"
"924";"3_4_2_8";127;300;"POU";"Funtumia sp.";"Pouo"
"925";"3_4_20_2";861;139;"BI";"Eribrema oblonga";"Bi ou Eyong"
"926";"3_4_20_3";862;131;"BI";"Eribrema oblonga";"Bi ou Eyong"
"927";"3_4_20_3";862;131;"BI";"Eribrema oblonga";"Bi ou Eyong"
"928";"3_4_21_4";345;321;"BA";"Celtis mildbraedii";"Ba"
"929";"3_4_21_4";345;321;"BA";"Celtis mildbraedii";"Ba"
"930";"3_4_22_4";357;240;"ANB";"Aningueria robusta";"Aniegré blanc"
"931";"3_4_23_1";363;229;"KOB";"Nesogordonia papaverifera";"Kotibe"
"932";"3_4_23_4";804;172;"BA";"Celtis mildbraedii";"Ba"
"933";"3_4_24_13";382;256;"AMZ";"Guibourtia ehie";"Amazakoué"
"934";"3_4_24_3";377;700;"BA";"Celtis mildbraedii";"Ba"
"935";"3_4_3_1";854;249;"LOL";"Lannea welwitschii";"Loloti"
"936";"3_4_3_3";853;264;"FRO";"Ceiba pentandra";"Fromager"
"937";"3_4_3_3";853;264;"FRO";"Ceiba pentandra";"Fromager"
"938";"3_4_3_8";856;308;"EHO";"Ricinodendron africanum";"Eho"
"939";"3_4_3_8";856;308;"EHO";"Ricinodendron africanum";"Eho"
"940";"3_4_7_3";951;241;"FRO";"Ceiba pentandra";"Fromager"
"941";"3_4_8_2";195;450;"BA";"Celtis mildbraedii";"Ba"
"942";"3_4_8_7";196;316;"BI";"Eribrema oblonga";"Bi ou Eyong"
"943";"3_4_9_1";129;269;"LOT";"Sterculia rhinopetala";"Lotofa"
"944";"4_1_13_2";241;400;"BA";"Celtis mildbraedii";"Ba"
"945";"4_1_21_2";606;319;"BET";"Mansonia altissima";"Bete"
"946";"4_3_11_4";268;392;"ACA";"Khaya ivorensis , anthotheca";"Acajou blanc"
"947";"4_3_3_1";113;500;"AKT";"Gambeya africana";"Akatio"
"948";"4_3_3_2";127;900;"AKT";"Gambeya africana";"Akatio"
"949";"4_4_10_3";152;1500;"LOL";"Lannea welwitschii";"Loloti"
"950";"4_4_12_3";204;646;"BA";"Celtis mildbraedii";"Ba"
"951";"4_4_25_8";309;197;"BA";"Celtis mildbraedii";"Ba"
"952";"4_4_9_5";850;450;"AKO";"Antiaris africana";"Ako"
"953";"5_1_1_2";104;850;"SAM";"Triplochiton scleroxylon";"Samba"
"954";"5_1_1_7";106;486;"FRO";"Ceiba pentandra";"Fromager"
"955";"5_1_11_14";152;530;"AKT";"Gambeya africana";"Akatio"
"956";"5_1_11_2";149;180;"AKA";"Scottelia sp.";"Akossika"
"957";"5_1_11_4";149;423;"AKA";"Scottelia sp.";"Akossika"
"958";"5_1_11_5";150;800;"AKT";"Gambeya africana";"Akatio"
"959";"5_1_12_4";158;600;"AKT";"Gambeya africana";"Akatio"
"960";"5_1_16_20";207;349;"BA";"Celtis mildbraedii";"Ba"
"961";"5_1_16_25";204;490;"AKT";"Gambeya africana";"Akatio"
"962";"5_1_16_3";202;1110;"ANB";"Aningueria robusta";"Aniegré blanc"
"963";"5_1_17_1";180;481;"BI";"Eribrema oblonga";"Bi ou Eyong"
"964";"5_1_17_7";192;530;"BET";"Mansonia altissima";"Bete"
"965";"5_1_18_2";550;273;"SAM";"Triplochiton scleroxylon";"Samba"
"966";"5_1_2_12";109;900;"AKA";"Scottelia sp.";"Akossika"
"967";"5_1_20_12";183;860;"LON";"Celtis adolphi-frederici";"Lohonfé"
"968";"5_1_20_4";175;500;"AKT";"Gambeya africana";"Akatio"
"969";"5_1_23_10";222;481;"DIF";"Morus mesozygia";"Difou"
"970";"5_1_23_11";603;270;"AKO";"Antiaris africana";"Ako"
"971";"5_1_23_14";650;278;"LOL";"Lannea welwitschii";"Loloti"
"972";"5_1_23_19";220;291;"SAM";"Triplochiton scleroxylon";"Samba"
"973";"5_1_24_12";225;217;"AKT";"Gambeya africana";"Akatio"
"974";"5_1_24_14";226;525;"BA";"Celtis mildbraedii";"Ba"
"975";"5_1_25_10";236;232;"DIF";"Morus mesozygia";"Difou"
"976";"5_1_25_18";602;132;"FRO";"Ceiba pentandra";"Fromager"
"977";"5_1_25_24";232;372;"BA";"Celtis mildbraedii";"Ba"
"978";"5_1_4_12";902;289;"FRO";"Ceiba pentandra";"Fromager"
"979";"5_1_5_7";903;246;"KOT";"Pterygota macrocarpa";"Koto"
"980";"5_1_6_9";137;152;"AKA";"Scottelia sp.";"Akossika"
"981";"5_1_7_9";950;259;"FRO";"Ceiba pentandra";"Fromager"
"982";"5_1_9_1";600;170;"LOT";"Sterculia rhinopetala";"Lotofa"
"983";"5_2_1_1";105;750;"SAM";"Triplochiton scleroxylon";"Samba"
"984";"5_2_1_11";101;298;"ANB";"Aningueria robusta";"Aniegré blanc"
"985";"5_2_11_7";212;396;"KEK";"Holoptelea grandis";"Kekele"
"986";"5_2_12_10";213;700;"SAM";"Triplochiton scleroxylon";"Samba"
"987";"5_2_16_4";239;276;"AZD";"Afzelia bella";"Azodau"
"988";"5_2_18_14";264;300;"LOL";"Lannea welwitschii";"Loloti"
"989";"5_2_18_4";602;125;"AKA";"Scottelia sp.";"Akossika"
"990";"5_2_18_7";268;800;"ANB";"Aningueria robusta";"Aniegré blanc"
"991";"5_2_19_7";550;450;"EHO";"Ricinodendron africanum";"Eho"
"992";"5_2_2_6";218;1000;"BA";"Celtis mildbraedii";"Ba"
"993";"5_2_20_5";246;585;"AMZ";"Guibourtia ehie";"Amazakoué"
"994";"5_2_20_6";247;600;"BA";"Celtis mildbraedii";"Ba"
"995";"5_2_21_10";287;245;"LOT";"Sterculia rhinopetala";"Lotofa"
"996";"5_2_22_8";295;350;"BA";"Celtis mildbraedii";"Ba"
"997";"5_2_22_9";855;218;"FRO";"Ceiba pentandra";"Fromager"
"998";"5_2_24_13";307;339;"ASA";"Celtis zenkeri";"Asan"
"999";"5_2_24_19";301;259;"POU";"Funtumia sp.";"Pouo"
"1000";"5_2_4_17";134;340;"BA";"Celtis mildbraedii";"Ba"
"1001";"5_2_7_2";187;1500;"KEK";"Holoptelea grandis";"Kekele"
"1002";"5_3_10_10";143;650;"AKT";"Gambeya africana";"Akatio"
"1003";"5_3_10_2";139;430;"BI";"Eribrema oblonga";"Bi ou Eyong"
"1004";"5_3_10_9";147;700;"AKT";"Gambeya africana";"Akatio"
"1005";"5_3_11_5";600;193;"FRO";"Ceiba pentandra";"Fromager"
"1006";"5_3_13_6";900;123;"FRO";"Ceiba pentandra";"Fromager"
"1007";"5_3_15_3";608;270;"SAM";"Triplochiton scleroxylon";"Samba"
"1008";"5_3_16_10";803;193;"ILO";"Pycnanthus angolensis";"Ilomba"
"1009";"5_3_16_12";802;297;"FRO";"Ceiba pentandra";"Fromager"
"1010";"5_3_17_5";216;685;"AKT";"Gambeya africana";"Akatio"
"1011";"5_3_18_8";242;242;"ANB";"Aningueria robusta";"Aniegré blanc"
"1012";"5_3_19_4";209;112;"BA";"Celtis mildbraedii";"Ba"
"1013";"5_3_2_6";119;2500;"KOB";"Nesogordonia papaverifera";"Kotibe"
"1014";"5_3_20_12";201;510;"POU";"Funtumia sp.";"Pouo"
"1015";"5_3_21_2";227;1000;"SAM";"Triplochiton scleroxylon";"Samba"
"1016";"5_3_23_5";239;660;"EMI";"Alstonia congensis";"Emien"
"1017";"5_3_25_3";244;657;"LOL";"Lannea welwitschii";"Loloti"
"1018";"5_3_25_6";247;457;"LOL";"Lannea welwitschii";"Loloti"
"1019";"5_3_25_7";248;550;"KOB";"Nesogordonia papaverifera";"Kotibe"
"1020";"5_3_4_1";502;224;"ASA";"Celtis zenkeri";"Asan"
"1021";"5_3_4_10";801;140;"EMI";"Alstonia congensis";"Emien"
"1022";"5_3_4_2";503;240;"ASA";"Celtis zenkeri";"Asan"
"1023";"5_3_4_22";601;277;"FRO";"Ceiba pentandra";"Fromager"
"1024";"5_3_4_23";130;440;"KEK";"Holoptelea grandis";"Kekele"
"1025";"5_3_4_24";131;510;"KEK";"Holoptelea grandis";"Kekele"
"1026";"5_3_4_25";203;201;"BA";"Celtis mildbraedii";"Ba"
"1027";"5_3_4_4";751;190;"FRO";"Ceiba pentandra";"Fromager"
"1028";"5_3_5_21";504;202;"KEK";"Holoptelea grandis";"Kekele"
"1029";"5_3_5_22";507;260;"EMI";"Alstonia congensis";"Emien"
"1030";"5_3_5_3";502;178;"ASA";"Celtis zenkeri";"Asan"
"1031";"5_3_5_8";752;225;"LOL";"Lannea welwitschii";"Loloti"
"1032";"5_3_6_16";906;234;"SAM";"Triplochiton scleroxylon";"Samba"
"1033";"5_3_6_6";607;241;"EHO";"Ricinodendron africanum";"Eho"
"1034";"5_4_11_14";179;184;"BI";"Eribrema oblonga";"Bi ou Eyong"
"1035";"5_4_11_16";601;401;"LOT";"Sterculia rhinopetala";"Lotofa"
"1036";"5_4_11_5";174;850;"ANB";"Aningueria robusta";"Aniegré blanc"
"1037";"5_4_13_5";152;136;"SAM";"Triplochiton scleroxylon";"Samba"
"1038";"5_4_14_12";203;356;"BA";"Celtis mildbraedii";"Ba"
"1039";"5_4_14_13";202;160;"BA";"Celtis mildbraedii";"Ba"
"1040";"5_4_14_14";164;219;"BA";"Celtis mildbraedii";"Ba"
"1041";"5_4_14_5";195;256;"AMZ";"Guibourtia ehie";"Amazakoué"
"1042";"5_4_15_1";206;364;"ANB";"Aningueria robusta";"Aniegré blanc"
"1043";"5_4_15_10";211;220;"BA";"Celtis mildbraedii";"Ba"
"1044";"5_4_16_1";205;275;"BA";"Celtis mildbraedii";"Ba"
"1045";"5_4_16_11";251;492;"AKT";"Gambeya africana";"Akatio"
"1046";"5_4_16_12";253;252;"AKA";"Scottelia sp.";"Akossika"
"1047";"5_4_16_16";259;376;"BA";"Celtis mildbraedii";"Ba"
"1048";"5_4_16_19";260;281;"BA";"Celtis mildbraedii";"Ba"
"1049";"5_4_17_18";241;900;"AKT";"Gambeya africana";"Akatio"
"1050";"5_4_18_5";803;152;"AKT";"Gambeya africana";"Akatio"
"1051";"5_4_19_12";225;430;"AMZ";"Guibourtia ehie";"Amazakoué"
"1052";"5_4_19_5";185;213;"AKT";"Gambeya africana";"Akatio"
"1053";"5_4_19_8";858;200;"SAM";"Triplochiton scleroxylon";"Samba"
"1054";"5_4_2_2";111;670;"EMI";"Alstonia congensis";"Emien"
"1055";"5_4_21_1";261;300;"ANB";"Aningueria robusta";"Aniegré blanc"
"1056";"5_4_22_3";751;160;"LOL";"Lannea welwitschii";"Loloti"
"1057";"5_4_23_11";602;241;"ACA";"Khaya ivorensis , anthotheca";"Acajou blanc"
"1058";"5_4_23_13";951;130;"LOT";"Sterculia rhinopetala";"Lotofa"
"1059";"5_4_23_7";235;160;"AKA";"Scottelia sp.";"Akossika"
"1060";"5_4_24_16";263;134;"POU";"Funtumia sp.";"Pouo"
"1061";"5_4_24_3";279;444;"ANB";"Aningueria robusta";"Aniegré blanc"
"1062";"5_4_24_7";282;650;"EMI";"Alstonia congensis";"Emien"
"1063";"5_4_25_3";285;500;"EMI";"Alstonia congensis";"Emien"
"1064";"5_4_25_7";289;313;"BA";"Celtis mildbraedii";"Ba"
"1065";"5_4_4_12";134;450;"EMI";"Alstonia congensis";"Emien"
"1066";"5_4_5_15";139;440;"BA";"Celtis mildbraedii";"Ba"
"1067";"5_4_5_2";135;700;"EMI";"Alstonia congensis";"Emien"
"1068";"5_4_8_16";853;195;"LOT";"Sterculia rhinopetala";"Lotofa"
"1069";"5_4_8_4";158;247;"AKT";"Gambeya africana";"Akatio"
"1070";"5_4_9_11";150;212;"BA";"Celtis mildbraedii";"Ba"
"1071";"5_4_9_13";851;275;"AKO";"Antiaris africana";"Ako"
"1072";"6_1_13_10";951;230;"BET";"Mansonia altissima";"Bete"
"1073";"6_1_13_5";186;230;"LOL";"Lannea welwitschii";"Loloti"
"1074";"6_1_18_6";227;404;"LOL";"Lannea welwitschii";"Loloti"
"1075";"6_1_20_1";173;700;"BA";"Celtis mildbraedii";"Ba"
"1076";"6_1_20_5";174;364;"BI";"Eribrema oblonga";"Bi ou Eyong"
"1077";"6_1_21_6";803;660;"FRO";"Ceiba pentandra";"Fromager"
"1078";"6_1_25_3";952;167;"FRO";"Ceiba pentandra";"Fromager"
"1079";"6_1_4_8";119;192;"OBA";"Bombax buonopozense";"Oba (Kapokier)"
"1080";"6_1_8_4";161;274;"SAM";"Triplochiton scleroxylon";"Samba"
"1081";"6_1_9_2";143;694;"LOL";"Lannea welwitschii";"Loloti"
"1082";"6_2_11_4";854;135;"LOL";"Lannea welwitschii";"Loloti"
"1083";"6_2_13_5";216;278;"BA";"Celtis mildbraedii";"Ba"
"1084";"6_2_2_3";108;901;"IRO";"Chlorophora regia, C. excelsa";"Iroko"
"1085";"6_3_18_3";229;500;"SAM";"Triplochiton scleroxylon";"Samba"
"1086";"6_4_10_15";165;200;"BA";"Celtis mildbraedii";"Ba"
"1087";"6_4_10_2";168;500;"BA";"Celtis mildbraedii";"Ba"
"1088";"6_4_11_4";211;613;"OBA";"Bombax buonopozense";"Oba (Kapokier)"
"1089";"6_4_11_8";207;1400;"FRO";"Ceiba pentandra";"Fromager"
"1090";"6_4_3_1";703;323;"BA";"Celtis mildbraedii";"Ba"
"1091";"6_4_8_5";178;110;"DIF";"Morus mesozygia";"Difou"
"1092";"6_4_9_6";169;432;"BET";"Mansonia altissima";"Bete"
"1093";"7_1_1_13";109;450;"BA";"Celtis mildbraedii";"Ba"
"1094";"7_1_1_9";162;810;"LOL";"Lannea welwitschii";"Loloti"
"1095";"7_1_11_5";850;328;"FRO";"Ceiba pentandra";"Fromager"
"1096";"7_1_17_11";290;282;"DIF";"Morus mesozygia";"Difou"
"1097";"7_1_17_20";804;364;"EHO";"Ricinodendron africanum";"Eho"
"1098";"7_1_18_9";275;500;"LON";"Celtis adolphi-frederici";"Lohonfé"
"1099";"7_1_19_8";274;535;"AZD";"Afzelia bella";"Azodau"
"1100";"7_1_2_11";127;600;"ASA";"Celtis zenkeri";"Asan"
"1101";"7_1_2_18";124;219;"AKA";"Scottelia sp.";"Akossika"
"1102";"7_1_2_6";121;572;"SAM";"Triplochiton scleroxylon";"Samba"
"1103";"7_1_21_6";861;102;"BA";"Celtis mildbraedii";"Ba"
"1104";"7_1_23_12";330;252;"AKA";"Scottelia sp.";"Akossika"
"1105";"7_1_23_20";803;115;"AKA";"Scottelia sp.";"Akossika"
"1106";"7_1_23_21";906;232;"BET";"Mansonia altissima";"Bete"
"1107";"7_1_23_6";602;115;"BA";"Celtis mildbraedii";"Ba"
"1108";"7_1_24_1";325;158;"LOT";"Sterculia rhinopetala";"Lotofa"
"1109";"7_1_24_19";333;319;"ACA";"Khaya ivorensis , anthotheca";"Acajou blanc"
"1110";"7_1_24_2";105;187;"LON";"Celtis adolphi-frederici";"Lohonfé"
"1111";"7_1_25_13";601;214;"BI";"Eribrema oblonga";"Bi ou Eyong"
"1112";"7_1_5_1";105;185;"LON";"Celtis adolphi-frederici";"Lohonfé"
"1113";"7_1_8_6";191;232;"BA";"Celtis mildbraedii";"Ba"
"1114";"7_1_8_8";751;209;"SAM";"Triplochiton scleroxylon";"Samba"
"1115";"7_1_9_1";185;282;"BA";"Celtis mildbraedii";"Ba"
"1116";"7_2_1_16";850;121;"LON";"Celtis adolphi-frederici";"Lohonfé"
"1117";"7_2_12_6";198;1100;"ANB";"Aningueria robusta";"Aniegré blanc"
"1118";"7_2_19_4";121;365;"AMZ";"Guibourtia ehie";"Amazakoué"
"1119";"7_3_10_14";141;750;"BA";"Celtis mildbraedii";"Ba"
"1120";"7_3_11_22";850;118;"FRO";"Ceiba pentandra";"Fromager"
"1121";"7_3_13_1";198;334;"BA";"Celtis mildbraedii";"Ba"
"1122";"7_3_13_10";204;172;"BA";"Celtis mildbraedii";"Ba"
"1123";"7_3_13_15";203;650;"SAM";"Triplochiton scleroxylon";"Samba"
"1124";"7_3_13_16";304;133;"POU";"Funtumia sp.";"Pouo"
"1125";"7_3_13_17";205;202;"BA";"Celtis mildbraedii";"Ba"
"1126";"7_3_14_2";251;211;"ANB";"Aningueria robusta";"Aniegré blanc"
"1127";"7_3_14_3";206;228;"BA";"Celtis mildbraedii";"Ba"
"1128";"7_3_16_8";270;1000;"OBA";"Bombax buonopozense";"Oba (Kapokier)"
"1129";"7_3_17_14";254;141;"ETI";"Copaïfera salikounda";"Etimoé"
"1130";"7_3_17_3";863;220;"FRO";"Ceiba pentandra";"Fromager"
"1131";"7_3_18_8";300;386;"AKT";"Gambeya africana";"Akatio"
"1132";"7_3_2_15";119;410;"BA";"Celtis mildbraedii";"Ba"
"1133";"7_3_2_24";122;310;"BA";"Celtis mildbraedii";"Ba"
"1134";"7_3_2_7";852;265;"BET";"Mansonia altissima";"Bete"
"1135";"7_3_21_12";274;150;"BA";"Celtis mildbraedii";"Ba"
"1136";"7_3_21_13";275;186;"BA";"Celtis mildbraedii";"Ba"
"1137";"7_3_22_14";553;277;"LOL";"Lannea welwitschii";"Loloti"
"1138";"7_3_23_4";294;507;"DIF";"Morus mesozygia";"Difou"
"1139";"7_3_24_3";750;277;"EHO";"Ricinodendron africanum";"Eho"
"1140";"7_3_25_3";305;182;"BA";"Celtis mildbraedii";"Ba"
"1141";"7_4_1_1";750;528;"EHO";"Ricinodendron africanum";"Eho"
"1142";"7_4_1_13";104;634;"LON";"Celtis adolphi-frederici";"Lohonfé"
"1143";"7_4_1_8";700;360;"EHO";"Ricinodendron africanum";"Eho"
"1144";"7_4_1_9";950;193;"BET";"Mansonia altissima";"Bete"
"1145";"7_4_11_10";859;123;"BA";"Celtis mildbraedii";"Ba"
"1146";"7_4_11_14";187;265;"LOT";"Sterculia rhinopetala";"Lotofa"
"1147";"7_4_11_15";860;160;"FRO";"Ceiba pentandra";"Fromager"
"1148";"7_4_21_8";249;193;"OBA";"Bombax buonopozense";"Oba (Kapokier)"
"1149";"7_4_25_4";237;395;"BA";"Celtis mildbraedii";"Ba"
"1150";"7_4_6_7";751;193;"FRO";"Ceiba pentandra";"Fromager"
"1151";"8_1_10_1";600;616;"KOT";"Pterygota macrocarpa";"Koto"
"1152";"8_1_15_10";857;109;"BI";"Eribrema oblonga";"Bi ou Eyong"
"1153";"8_1_15_6";261;142;"BA";"Celtis mildbraedii";"Ba"
"1154";"8_1_3_17";123;480;"BA";"Celtis mildbraedii";"Ba"
"1155";"8_1_3_7";170;250;"BA";"Celtis mildbraedii";"Ba"
"1156";"8_1_7_3";248;522;"ABO";"Entandrophragma cylindricum";"Sapelli"
"1157";"8_2_1_3";950;450;"FRO";"Ceiba pentandra";"Fromager"
"1158";"8_2_16_1";298;326;"BA";"Celtis mildbraedii";"Ba"
"1159";"8_2_5_11";152;255;"BA";"Celtis mildbraedii";"Ba"
"1160";"8_2_6_10";199;317;"ABO";"Entandrophragma cylindricum";"Sapelli"
"1161";"8_3_13_11";850;309;"KOT";"Pterygota macrocarpa";"Koto"
"1162";"8_3_6_8";171;315;"EHO";"Ricinodendron africanum";"Eho"
"1163";"8_4_22_5";552;320;"FRO";"Ceiba pentandra";"Fromager"
"1164";"8_4_22_6";291;900;"OUO";"Albizia zygia";"Ouochi"
"1165";"8_4_23_6";303;950;"BA";"Celtis mildbraedii";"Ba"
"1166";"9_1_13_5";856;286;"FRO";"Ceiba pentandra";"Fromager"
"1167";"9_1_6_20";210;259;"LOT";"Sterculia rhinopetala";"Lotofa"
"1168";"9_1_6_4";218;132;"BA";"Celtis mildbraedii";"Ba"
"1169";"9_1_6_5";863;214;"FRO";"Ceiba pentandra";"Fromager"
"1170";"9_1_7_1";207;234;"LON";"Celtis adolphi-frederici";"Lohonfé"
"1171";"9_1_7_2";501;600;"KEK";"Holoptelea grandis";"Kekele"
"1172";"9_1_7_7";901;118;"AKA";"Scottelia sp.";"Akossika"
"1173";"9_2_14_1";232;159;"LOT";"Sterculia rhinopetala";"Lotofa"
"1174";"9_2_24_2";357;600;"AKT";"Gambeya africana";"Akatio"
"1175";"9_2_25_11";701;147;"LOT";"Sterculia rhinopetala";"Lotofa"
"1176";"9_2_5_10";149;113;"AZD";"Afzelia bella";"Azodau"
"1177";"9_3_14_8";902;158;"LOL";"Lannea welwitschii";"Loloti"
"1178";"9_4_15_1";266;295;"BA";"Celtis mildbraedii";"Ba"
"1179";"9_4_15_4";258;700;"AKT";"Gambeya africana";"Akatio"
