²;N;Operator;Vernacular;TreeID;SampleID;ID TRY;ScientificName;Family;genus;species;RDMC ;RootAverageLenght ;Rootdryweight;Rootfreshweight;RSL;WD;BarkTh;DBH;PetioleL;LeafThickness;LeafArea;FreshWeight;DryWeight;LDMC;SLA;Dispers;Deciduousness;SPAD
1;NA;Marco;Acajou blanc;A;1;NA;Khaya anthotheca ;Meliaceae;Khaya;anthotheca;437828;4,994;;;0,011;0,4906364;0,54;135;28,8;0,27;189342;33,44;275100;82279;2,301214;2;1,5;65,7
2;NA;Marco;Acajou blanc;A;2;NA;Khaya anthotheca;Meliaceae;Khaya;anthotheca;454890;5,215;;;0,011;0,4906364;0,5;135;25,7;0,27;93819;18,75;122800;65493;1,432501;2;1,5;60,9
3;NA;Marco;Acajou blanc;A;3;NA;Khaya anthotheca;Meliaceae;Khaya;anthotheca;476611;3,647;;;0,008;0,4906364;0,52;135;32,5;0,24;81490;12,14;85700;70593;1,154366;2;1,5;66
4;NA;Marco;Acajou blanc;B;1;NA;Khaya anthotheca;Meliaceae;Khaya;anthotheca;489784;2,591;;;0,005;0,4906364;0,61;110;16,6;0,25;58702;8,78;66100;75285;0,779726;2;1,5;40,8
5;NA;Marco;Acajou blanc;B;2;NA;Khaya anthotheca;Meliaceae;Khaya;anthotheca;487635;3,43;;;0,007;0,4906364;0,78;110;24,1;0,24;134384;18,51;127200;68738;1,955018;2;1,5;37
6;NA;Marco;Acajou blanc;B;3;NA;Khaya anthotheca;Meliaceae;Khaya;anthotheca;458225;2,55;;;0,006;0,4906364;0,7;110;21,3;0,23;106235;15,84;111300;70287;1,511442;2;1,5;38,8
7;NA;Marco;Acajou blanc;C;1;NA;Khaya anthotheca;Meliaceae;Khaya;anthotheca;441860;3,231;;;0,007;0,4906364;0,54;230;12,8;0,26;54273;8,86;63250;71388;0,760252;2;1,5;33
8;NA;Marco;Acajou blanc;C;2;NA;Khaya anthotheca;Meliaceae;Khaya;anthotheca;389831;3,707;;;0,01;0,4906364;0,56;230;14,7;0,29;80405;13,41;84950;63372;1,268777;2;1,5;25,2
9;NA;Marco;Acajou blanc;C;3;NA;Khaya anthotheca;Meliaceae;Khaya;anthotheca;250000;5,534;;;0,022;0,4906364;0,53;230;13,9;0,28;112911;20,36;105300;51719;2,183151;2;1,5;26,1
10;NA;Marco;Ako;A;1;NA;Antiaris africana;Moraceae;Antiaris;africana;332971;3,203;;;0,01;0,3815263;2,2;1007;0,9;0,53;6318;1,16;8600;74042;0,085334;3;1;49,7
11;NA;Marco;Ako;A;2;NA;Antiaris africana;Moraceae;Antiaris;africana;361446;3,089;;;0,009;0,3815263;1,9;1007;0,4;0,63;7145;1,45;10600;73250;0,097537;3;1;47,4
12;NA;Marco;Ako;A;3;NA;Antiaris africana;Moraceae;Antiaris;africana;404040;2,428;;;0,006;0,3815263;1,8;1007;0,8;0,49;7078;1,38;10200;74182;0,095407;3;1;53,6
13;NA;Marco;Ako;B;1;NA;Antiaris africana;Moraceae;Antiaris;africana;218598;2,657;;;0,012;0,3815263;1;248;1,4;0,59;12482;2,77;10843;39193;0,318486;3;1;43,9
14;NA;Marco;Ako;B;2;NA;Antiaris africana;Moraceae;Antiaris;africana;276283;3,02;;;0,011;0,3815263;0,83;248;0,7;0,55;5041;1,54;6320;40950;0,123091;3;1;45,9
15;NA;Marco;Ako;B;3;NA;Antiaris africana;Moraceae;Antiaris;africana;278481;2,816;;;0,01;0,3815263;0,9;248;0,8;0,49;3858;1,14;4187;36618;0,105362;3;1;45,2
16;NA;Marco;Ako;C;1;NA;Antiaris africana;Moraceae;Antiaris;africana;346996;3,892;;;0,011;0,3815263;1,21;429;0,8;0,53;6250;1,39;5798;41859;0,149309;3;1;54
17;NA;Marco;Ako;C;2;NA;Antiaris africana;Moraceae;Antiaris;africana;291545;3,168;;;0,011;0,3815263;1,67;429;0,8;0,55;7709;1,76;6675;38034;0,202674;3;1;56,5
18;NA;Marco;Ako;C;3;NA;Antiaris africana;Moraceae;Antiaris;africana;370370;3,15;;;0,009;0,3815263;1,6;429;0,9;0,57;5130;1,32;5573;42296;0,121299;3;1;53,2
19;NA;Marco;Asamoiake;A;1;NA;Trichilia prieuriana;Meliaceae;Trichilia;prieuriana;230769;2,068;;;0,009;0,663;0,67;357;7,1;0,25;15313;3,13;13360;42711;0,358519;3;2;57,1
20;NA;Marco;Asamoiake;A;2;NA;Trichilia prieuriana;Meliaceae;Trichilia;prieuriana;327586;2,683;;;0,008;0,663;0,65;357;6,3;0,25;12794;2,51;10400;41467;0,308525;3;2;60,5
21;NA;Marco;Asamoiake;A;3;NA;Trichilia prieuriana;Meliaceae;Trichilia;prieuriana;275362;3,098;;;0,011;0,663;0,56;357;6,8;0,24;16203;3,17;13400;42298;0,383057;3;2;54,7
22;NA;Marco;Asamoiake;B;1;NA;Trichilia prieuriana;Meliaceae;Trichilia;prieuriana;235294;1,708;;;0,007;0,663;0,39;190;7,5;0,23;17664;3,01;11320;37583;0,470003;3;2;57,8
23;NA;Marco;Asamoiake;B;2;NA;Trichilia prieuriana;Meliaceae;Trichilia;prieuriana;244898;2,469;;;0,01;0,663;0,39;190;5,1;0,21;14387;2,74;11740;42815;0,336014;3;2;53,5
24;NA;Marco;Asamoiake;B;3;NA;Trichilia prieuriana;Meliaceae;Trichilia;prieuriana;277778;3,293;;;0,012;0,663;0,41;190;6,2;0,23;12674;2,06;8275;40121;0,315904;3;2;59,3
25;NA;Marco;Asamoiake;C;1;NA;Trichilia prieuriana;Meliaceae;Trichilia;prieuriana;250000;2,882;;;0,012;0,663;0,38;224;4,3;0,21;11743;1,81;6060;33555;0,349977;3;2;58,1
26;NA;Marco;Asamoiake;C;2;NA;Trichilia prieuriana;Meliaceae;Trichilia;prieuriana;263158;1,77;;;0,007;0,663;0,54;224;5,7;0,24;23234;4,35;16550;38046;0,610695;3;2;62,8
27;NA;Marco;Asamoiake;C;3;NA;Trichilia prieuriana;Meliaceae;Trichilia;prieuriana;3,00E+05;3,888;;;0,013;0,663;0,46;224;5,9;0,24;21987;3,33;16075;48331;0,454932;3;2;58,1
28;NA;Marco;Ba;A;1;NA;Celtis mildbraedii;Ulmaceae;Celtis;mildbraedii;402414;3,25;;;0,008;0,6175714;0,34;205;1;0,28;3762;0,39;2771;70808;0,053128;3;1,5;68,9
29;NA;Marco;Ba;A;2;NA;Celtis mildbraedii;Ulmaceae;Celtis;mildbraedii;396855;4,108;;;0,01;0,6175714;0,39;205;0,8;0,28;2434;0,27;1700;62546;0,038912;3;1,5;59,1
30;NA;Marco;Ba;A;3;NA;Celtis mildbraedii;Ulmaceae;Celtis;mildbraedii;368732;3,843;;;0,01;0,6175714;0,32;205;1;0,28;3250;0,38;2614;69431;0,046813;3;1,5;61,4
31;NA;Marco;Ba;B;1;NA;Celtis mildbraedii;Ulmaceae;Celtis;mildbraedii;421830;3,245;;;0,008;0,6175714;0,3;140;0,8;0,27;5907;0,93;3944;42219;0,139906;3;1,5;42,6
32;NA;Marco;Ba;B;2;NA;Celtis mildbraedii;Ulmaceae;Celtis;mildbraedii;459459;2,29;;;0,005;0,6175714;0,35;140;0,9;0,26;8982;1,26;3913;31171;0,288156;3;1,5;53,9
33;NA;Marco;Ba;B;3;NA;Celtis mildbraedii;Ulmaceae;Celtis;mildbraedii;468683;2,886;;;0,006;0,6175714;0,28;140;0,9;0,27;7744;1,26;4157;32980;0,234814;3;1,5;39,8
34;NA;Marco;Ba;C;1;NA;Celtis mildbraedii;Ulmaceae;Celtis;mildbraedii;387097;3,082;;;0,008;0,6175714;0,57;155;1,2;0,21;8796;1,1;3100;28311;0,310694;3;1,5;26,3
35;NA;Marco;Ba;C;2;NA;Celtis mildbraedii;Ulmaceae;Celtis;mildbraedii;372093;1,883;;;0,005;0,6175714;0,45;155;1,1;0,26;7526;1,42;5133;36278;0,207464;3;1,5;47,5
36;NA;Marco;Ba;C;3;NA;Celtis mildbraedii;Ulmaceae;Celtis;mildbraedii;377778;3,172;;;0,008;0,6175714;0,5;155;0,6;0,27;3332;0,59;1967;33239;0,100243;3;1,5;53,6
37;NA;Marco;Bete;A;1;NA;Mansonia altissima;Sterculiaceae;Mansonia;altissima;348086;2,493;;;0,007;0,5644583;1,24;250;3;0,44;39039;4,46;29600;66368;0,588215;2;2;33,4
38;NA;Marco;Bete;A;2;NA;Mansonia altissima;Sterculiaceae;Mansonia;altissima;452148;0,827;;;0,002;0,5644583;0,7;250;1,9;0,42;23541;3,2;18500;57813;0,407203;2;2;34,7
39;NA;Marco;Bete;A;3;NA;Mansonia altissima;Sterculiaceae;Mansonia;altissima;471730;2,169;;;0,005;0,5644583;1,26;213;4;0,42;40070;4,7;30300;64468;0,621546;2;2;34
40;NA;Marco;Bete;B;1;NA;Mansonia altissima;Sterculiaceae;Mansonia;altissima;451926;3,131;;;0,007;0,5644583;1,2;213;1,8;0,4;16648;2,8;14300;51071;0,325977;2;2;35,9
41;NA;Marco;Bete;B;2;NA;Mansonia altissima;Sterculiaceae;Mansonia;altissima;537201;1,812;;;0,003;0,5644583;1,28;213;4,3;0,5;26235;3,11;17900;57556;0,455813;2;2;38,6
42;NA;Marco;Bete;B;3;NA;Mansonia altissima;Sterculiaceae;Mansonia;altissima;406056;5,942;;;0,015;0,5644583;1,52;217;2,7;0,42;36489;3,92;24900;63520;0,574442;2;2;36,5
43;NA;Marco;Bete;C;1;NA;Mansonia altissima;Sterculiaceae;Mansonia;altissima;550863;2,331;;;0,004;0,5644583;1,37;217;5,5;0,4;52845;4,5;28900;64222;0,822844;2;2;30,2
44;NA;Marco;Bete;C;2;NA;Mansonia altissima;Sterculiaceae;Mansonia;altissima;632366;4,769;;;0,008;0,5644583;1,55;217;4;0,38;48658;4,3;30500;70930;0,685995;2;2;28,9
45;NA;Marco;Bete;C;3;NA;Mansonia altissima;Sterculiaceae;Mansonia;altissima;381443;4,409;;;0,012;0,5644583;1,55;250;1,6;0,44;24255;2,7;17300;64074;0,378552;2;2;31,5
46;NA;Marco;Bi ou Eyong;A;1;NA;Eribroma obloga;Sterculiaceae;Eribroma;oblongum;210526;3,203;;;0,015;0,6384545;1,14;198;1,6;0,42;4093;1,05;3460;33078;0,123733;3;1;32,1
47;NA;Marco;Bi ou Eyong;A;2;NA;Eribroma obloga;Sterculiaceae;Eribroma;oblongum;192308;1,861;;;0,01;0,6384545;1,24;198;3,7;0,42;7128;1,56;5367;34328;0,207649;3;1;51,7
48;NA;Marco;Bi ou Eyong;A;3;NA;Eribroma obloga;Sterculiaceae;Eribroma;oblongum;379310;0,827;;;0,002;0,6384545;0,92;198;2,9;0,42;5978;1,84;6114;33204;0,180033;3;1;36,6
49;NA;Marco;Bi ou Eyong;B;1;NA;Eribroma obloga;Sterculiaceae;Eribroma;oblongum;434783;1,838;;;0,004;0,6384545;0,8;182;2,5;0,2;5322;0,86;2200;25641;0,20756;3;1;53,4
50;NA;Marco;Bi ou Eyong;B;2;NA;Eribroma obloga;Sterculiaceae;Eribroma;oblongum;317757;2,089;;;0,007;0,6384545;1;182;2;0,23;2931;0,49;2260;46502;0,063025;3;1;51,5
51;NA;Marco;Bi ou Eyong;B;3;NA;Eribroma obloga;Sterculiaceae;Eribroma;oblongum;273504;3,416;;;0,012;0,6384545;1,15;182;2,4;0,21;4436;0,73;3300;45205;0,09814;3;1;43,4
52;NA;Marco;Bi ou Eyong;C;1;NA;Eribroma obloga;Sterculiaceae;Eribroma;oblongum;228261;1,301;;;0,006;0,6384545;0,76;201;2,5;0,26;4270;1;4800;48000;0,088948;3;1;36,6
53;NA;Marco;Bi ou Eyong;C;2;NA;Eribroma obloga;Sterculiaceae;Eribroma;oblongum;282353;1,974;;;0,007;0,6384545;0,89;201;2,1;0,26;4107;0,9;4475;50000;0,082138;3;1;47,4
54;NA;Marco;Bi ou Eyong;C;3;NA;Eribroma obloga;Sterculiaceae;Eribroma;oblongum;261905;1,744;;;0,007;0,6384545;1,01;201;2,9;0,24;6111;1,25;6200;49442;0,123596;3;1;40,7
55;NA;Marco;Cedrela;A;1;44958;Cedrela odorata;Meliaceae;Cedrela;odorata;252874;2,668;;;0,011;0,4468571;1,82;392;12,2;0,21;80084;13,45;56080;41695;1,920704;2;1;36,3
56;NA;Marco;Cedrela;A;2;NA;Cedrela odorata;Meliaceae;Cedrela;odorata;218182;3,329;;;0,015;0,4468571;1,64;392;11,7;0,25;49101;8,47;31360;37025;1,326156;2;1;40
57;NA;Marco;Cedrela;A;3;NA;Cedrela odorata;Meliaceae;Cedrela;odorata;231293;3,54;;;0,015;0,4468571;1,52;392;6;0,22;23964;4,74;20480;43189;0,554866;2;1;36,3
58;NA;Marco;Cedrela;B;1;NA;Cedrela odorata;Meliaceae;Cedrela;odorata;253731;4,097;;;0,016;0,4468571;2,15;417;10;0,24;53265;7,99;35160;44005;1,210432;2;1;27,5
59;NA;Marco;Cedrela;B;2;NA;Cedrela odorata;Meliaceae;Cedrela;odorata;241573;4,962;;;0,021;0,4468571;1,75;417;8,6;0,22;33090;6,75;24440;36197;0,914183;2;1;41,8
60;NA;Marco;Cedrela;B;3;NA;Cedrela odorata;Meliaceae;Cedrela;odorata;239437;3,084;;;0,013;0,4468571;1,38;417;9,1;0,23;46269;8,77;34840;39708;1,165226;2;1;37,4
61;NA;Marco;Cedrela;C;1;NA;Cedrela odorata;Meliaceae;Cedrela;odorata;250000;1,432;;;0,006;0,4468571;2,24;230;7,7;0,24;26045;5,46;21280;38946;0,668739;2;1;37,3
62;NA;Marco;Cedrela;C;2;NA;Cedrela odorata;Meliaceae;Cedrela;odorata;220183;3,434;;;0,016;0,4468571;2,09;230;7,9;0,24;49154;11,09;41700;37601;1,307245;2;1;39,7
63;NA;Marco;Cedrela;C;3;NA;Cedrela odorata;Meliaceae;Cedrela;odorata;250000;1,95;;;0,008;0,4468571;2,25;230;6,7;0,25;27368;6,09;26625;43737;0,625729;2;1;41,5
64;NA;Marco;Frake / Limba;A;1;53769;Terminalia superba;Combretaceae;Terminalia;superba;431916;3,327;;;0,008;0,4589483;0,76;720;2,3;0,29;2911;0,33;2667;80000;0,036385;2;1;41,4
65;NA;Marco;Frake / Limba;A;2;NA;Terminalia superba;Combretaceae;Terminalia;superba;486957;3,262;;;0,007;0,4589483;0,84;720;2,4;0,29;3817;0,45;3380;74822;0,051011;2;1;43,8
66;NA;Marco;Frake / Limba;A;3;NA;Terminalia superba;Combretaceae;Terminalia;superba;447883;2,674;;;0,006;0,4589483;0,84;720;2,9;0,29;4557;0,49;3740;76461;0,059604;2;1;39,2
67;NA;Marco;Frake / Limba;B;1;NA;Terminalia superba;Combretaceae;Terminalia;superba;285714;1,36;;;0,005;0,4589483;0,76;500;3,8;0,31;3901;0,85;3540;41844;0,093224;2;1;52,5
68;NA;Marco;Frake / Limba;B;2;NA;Terminalia superba;Combretaceae;Terminalia;superba;250000;2,948;;;0,012;0,4589483;1;500;4;0,36;5803;1,31;5800;44140;0,131462;2;1;50,9
69;NA;Marco;Frake / Limba;B;3;NA;Terminalia superba;Combretaceae;Terminalia;superba;218750;2,655;;;0,012;0,4589483;0,91;500;3,5;0,32;4067;0,83;3540;42651;0,095345;2;1;53,1
70;NA;Marco;Frake / Limba;C;1;NA;Terminalia superba;Combretaceae;Terminalia;superba;413881;4,354;;;0,011;0,4589483;0,6;175;1;0,35;5210;1,4;5088;36430;0,143003;2;1;55,9
71;NA;Marco;Frake / Limba;C;2;NA;Terminalia superba;Combretaceae;Terminalia;superba;474289;5,551;;;0,012;0,4589483;0,6;175;1,2;0,32;5369;1,24;5213;41901;0,128142;2;1;54,4
72;NA;Marco;Frake / Limba;C;3;NA;Terminalia superba;Combretaceae;Terminalia;superba;418605;3,258;;;0,008;0,4589483;0,52;175;1,1;0,33;5502;1,32;5488;41564;0,132365;2;1;52,5
73;NA;Marco;Fromager;A;1;203745;Ceiba pentadra;Bombacaceae;Ceiba;pentandra;264831;1,807;;;0,007;0,3568212;2,5;1050;8,7;0,23;12732;2,8;12729;45492;0,279879;2;1;29,5
74;NA;Marco;Fromager;A;2;NA;Ceiba pentadra;Bombacaceae;Ceiba;pentandra;678461;3,758;;;0,006;0,3568212;2,3;1050;7,7;0,23;9260;2,08;10286;49528;0,186969;2;1;36,6
75;NA;Marco;Fromager;A;3;NA;Ceiba pentadra;Bombacaceae;Ceiba;pentandra;744823;2,79;;;0,004;0,3568212;2,2;861;13,8;0,21;20825;2,6;18300;70385;0,295879;2;1;40,8
76;NA;Marco;Fromager;B;1;NA;Ceiba pentadra;Bombacaceae;Ceiba;pentandra;779302;3,633;;;0,005;0,3568212;1,81;861;13,5;0,21;18062;2,52;17200;68254;0,264622;2;1;34
77;NA;Marco;Fromager;B;2;NA;Ceiba pentadra;Bombacaceae;Ceiba;pentandra;522618;3,875;;;0,007;0,3568212;2,4;861;14,3;0,22;33917;4,3;31700;73721;0,460078;2;1;44,2
78;NA;Marco;Fromager;B;3;NA;Ceiba pentadra;Bombacaceae;Ceiba;pentandra;233957;2,388;;;0,01;0,3568212;2,1;1023;10,5;0,24;18324;4,02;16914;42060;0,435675;2;1;31,2
79;NA;Marco;Fromager;C;1;NA;Ceiba pentadra;Bombacaceae;Ceiba;pentandra;273224;1,953;;;0,007;0,3568212;1,72;1023;9,7;0,23;17419;4,2;18514;44066;0,395299;2;1;40,6
80;NA;Marco;Fromager;C;2;NA;Ceiba pentadra;Bombacaceae;Ceiba;pentandra;263231;1,632;;;0,006;0,3568212;1,6;1023;13,7;0,23;23134;5,2;21443;41260;0,560684;2;1;42,4
81;NA;Marco;Fromager;C;3;NA;Ceiba pentadra;Bombacaceae;Ceiba;pentandra;804875;1,528;;;0,002;0,3568212;2,3;1050;12,1;0,21;15687;3,16;12914;40822;0,38429;2;1;42,2
82;NA;Marco;Kaka;A;1;13857;Blighia welwitschii;Sapindaceae;Blighia;welwitschii;456522;1,606;;;0,004;0,78575;1,55;900;1,7;0,34;18078;4,03;18680;46375;0,389823;3;2;30,6
83;NA;Marco;Kaka;A;2;NA;Blighia welwitschii;Sapindaceae;Blighia;welwitschii;451613;2,197;;;0,005;0,78575;1,35;900;2;0,36;41707;8,81;45360;51510;0,809681;3;2;37
84;NA;Marco;Kaka;A;3;NA;Blighia welwitschii;Sapindaceae;Blighia;welwitschii;5,00E+05;2,223;;;0,004;0,78575;1,63;900;1,6;0,35;28801;6,33;31450;49684;0,579677;3;2;36,4
85;NA;Marco;Kaka;B;1;NA;Blighia welwitschii;Sapindaceae;Blighia;welwitschii;493827;1,967;;;0,004;0,78575;0,9;402;3,1;0,29;13059;2,32;10425;44984;0,290309;3;2;45,9
86;NA;Marco;Kaka;B;2;NA;Blighia welwitschii;Sapindaceae;Blighia;welwitschii;592593;1,82;;;0,003;0,78575;0,82;402;2;0,3;5406;1,02;4550;44828;0,120597;3;2;40,1
87;NA;Marco;Kaka;B;3;NA;Blighia welwitschii;Sapindaceae;Blighia;welwitschii;529412;1,402;;;0,003;0,78575;0,65;402;2,4;0,31;7303;1,38;6125;44545;0,163934;3;2;48,4
88;NA;Marco;Kaka;C;1;NA;Blighia welwitschii;Sapindaceae;Blighia;welwitschii;3,00E+05;3,645;;;0,012;0,78575;0,77;113;3,5;0,34;27257;5,15;24400;47379;0,575291;3;2;49
89;NA;Marco;Kaka;C;2;NA;Blighia welwitschii;Sapindaceae;Blighia;welwitschii;211538;1,253;;;0,006;0,78575;0,8;113;1,5;0,34;32195;6,04;26600;44040;0,73104;3;2;32,8
90;NA;Marco;Kaka;C;3;NA;Blighia welwitschii;Sapindaceae;Blighia;welwitschii;333333;2,201;;;0,007;0,78575;0,7;113;3,9;0,36;26729;5,06;22400;44269;0,603796;3;2;30,9
91;NA;Marco;Koace Noliba;A;1;31756;Pachystela brevipes;Sapotaceae;Pachystela;brevipes;358974;1,775;;;0,005;0,4763896;0,34;112;6,8;0,26;24769;3,88;15140;39041;0,634443;3;2;
92;NA;Marco;Koace Noliba;A;2;NA;Pachystela brevipes;Sapotaceae;Pachystela;brevipes;390244;1,601;;;0,004;0,4763896;0,39;112;5,7;0,24;20164;3,37;13500;40036;0,503661;3;2;
93;NA;Marco;Koace Noliba;A;3;NA;Pachystela brevipes;Sapotaceae;Pachystela;brevipes;392857;2,097;;;0,005;0,4763896;0,37;112;7,4;0,27;19804;3,98;15200;38172;0,518821;3;2;
94;NA;Marco;Koace Noliba;B;1;NA;Pachystela brevipes;Sapotaceae;Pachystela;brevipes;280899;2,184;;;0,008;0,4763896;0,37;152;5,5;0,28;13452;3,18;11760;36958;0,363983;3;2;
95;NA;Marco;Koace Noliba;B;2;NA;Pachystela brevipes;Sapotaceae;Pachystela;brevipes;357143;1,745;;;0,005;0,4763896;0,33;152;6,5;0,27;16689;3,93;14460;36794;0,45358;3;2;
96;NA;Marco;Koace Noliba;B;3;NA;Pachystela brevipes;Sapotaceae;Pachystela;brevipes;157895;2,661;;;0,017;0,4763896;0,42;152;7,1;0,26;25253;5,39;18880;35002;0,721482;3;2;
97;NA;Marco;Koace Noliba;C;1;NA;Pachystela brevipes;Sapotaceae;Pachystela;brevipes;277778;1,995;;;0,007;0,4763896;0,55;156;6,9;0,24;22218;3,68;13380;36378;0,610757;3;2;
98;NA;Marco;Koace Noliba;C;2;NA;Pachystela brevipes;Sapotaceae;Pachystela;brevipes;384615;1,78;;;0,005;0,4763896;0,28;156;5,3;0,24;11007;1,92;7040;36629;0,30051;3;2;
99;NA;Marco;Koace Noliba;C;3;NA;Pachystela brevipes;Sapotaceae;Pachystela;brevipes;325581;1,413;;;0,004;0,4763896;0,47;156;4,8;0,26;16915;3,19;11375;35686;0,473992;3;2;
100;NA;Marco;Kotibe;A;1;54777;Nesogordonia papaverifera;Sterculiaceae;Nesogordonia;papaverifera;625733;0,796;;;0,001;0,645;0,47;275;2,4;0,22;2764;0,39;2063;52391;0,052753;2;2;43,6
101;NA;Marco;Kotibe;A;2;NA;Nesogordonia papaverifera;Sterculiaceae;Nesogordonia;papaverifera;518135;1,705;;;0,003;0,645;0,57;275;2,7;0,23;3222;0,42;2413;57967;0,055589;2;2;43,2
102;NA;Marco;Kotibe;A;3;NA;Nesogordonia papaverifera;Sterculiaceae;Nesogordonia;papaverifera;486449;4,532;;;0,009;0,645;0,66;328;2,8;0,23;2980;0,38;2380;62199;0,047905;2;2;27,6
103;NA;Marco;Kotibe;B;1;NA;Nesogordonia papaverifera;Sterculiaceae;Nesogordonia;papaverifera;629912;0,796;;;0,001;0,645;0,63;328;1,4;0,22;2277;0,33;1860;56856;0,040042;2;2;50,3
104;NA;Marco;Kotibe;B;2;NA;Nesogordonia papaverifera;Sterculiaceae;Nesogordonia;papaverifera;569102;4,887;;;0,009;0,645;0,61;328;1,7;0,22;2981;0,48;2440;51093;0,05834;2;2;54,5
105;NA;Marco;Kotibe;B;3;NA;Nesogordonia papaverifera;Sterculiaceae;Nesogordonia;papaverifera;5,00E+05;2,03;;;0,004;0,645;0,4;157;2;0,26;2339;0,59;2260;38047;0,061476;2;2;27,9
106;NA;Marco;Kotibe;C;1;NA;Nesogordonia papaverifera;Sterculiaceae;Nesogordonia;papaverifera;357143;4,154;;;0,012;0,645;0,47;157;2,5;0,26;3376;0,78;3725;48065;0,070244;2;2;51,1
107;NA;Marco;Kotibe;C;2;NA;Nesogordonia papaverifera;Sterculiaceae;Nesogordonia;papaverifera;333333;1,678;;;0,005;0,645;0,46;157;3,1;0,29;3901;0,84;4075;48802;0,07994;2;2;52,2
108;NA;Marco;Kotibe;C;3;NA;Nesogordonia papaverifera;Sterculiaceae;Nesogordonia;papaverifera;447245;4,532;;;0,01;0,645;0,62;275;3,4;0,23;3986;0,55;2988;53831;0,074046;2;2;51,5
109;NA;Marco;Koto;A;1;11365;Pterygota macrocarpa;Sterculiaceae;Pterygota;macrocarpa;535906;2,681;;;0,005;0,49325;1,23;897;9,4;0,26;30752;1,92;11800;61458;0,50037;2;1;49,8
110;NA;Marco;Koto;A;2;NA;Pterygota macrocarpa;Sterculiaceae;Pterygota;macrocarpa;492304;3,456;;;0,007;0,49325;1,15;897;12,8;0,26;32391;2,55;12500;49020;0,660766;2;1;49,8
111;NA;Marco;Koto;A;3;NA;Pterygota macrocarpa;Sterculiaceae;Pterygota;macrocarpa;454201;1,787;;;0,004;0,49325;1,06;555;10,2;0,28;16593;2,9;21300;73448;0,22592;2;1;56,4
112;NA;Marco;Koto;B;1;NA;Pterygota macrocarpa;Sterculiaceae;Pterygota;macrocarpa;179748;2,345;;;0,013;0,49325;1,56;555;12;0,3;36802;6,6;50200;76061;0,483852;2;1;57,1
113;NA;Marco;Koto;B;2;NA;Pterygota macrocarpa;Sterculiaceae;Pterygota;macrocarpa;452962;2,907;;;0,006;0,49325;1,37;555;7,3;0,3;12888;2,27;15400;67841;0,189975;2;1;52
114;NA;Marco;Koto;B;3;NA;Pterygota macrocarpa;Sterculiaceae;Pterygota;macrocarpa;277512;4,123;;;0,015;0,49325;1,2;518;9,2;0,2;17033;2,63;14700;55894;0,304736;2;1;59
115;NA;Marco;Koto;C;1;NA;Pterygota macrocarpa;Sterculiaceae;Pterygota;macrocarpa;333195;3,589;;;0,011;0,49325;1,28;518;8,8;0,22;31130;4,34;31500;72581;0,428906;2;1;59,2
116;NA;Marco;Koto;C;2;NA;Pterygota macrocarpa;Sterculiaceae;Pterygota;macrocarpa;191492;3,238;;;0,017;0,49325;1,17;518;10,5;0,24;35983;4,71;34700;73673;0,488419;2;1;50,5
117;NA;Marco;Koto;C;3;NA;Pterygota macrocarpa ;Sterculiaceae;Pterygota;macrocarpa;576483;5,149;;;0,009;0,49325;1,19;897;12,4;0,24;15696;1,9;4800;25263;0,621296;2;1;55,8
118;NA;Marco;Loloti;A;1;82687;Lannea welwitschii;Indeterminee;Lannea;welwitschii;270270;2,707;;;0,01;0,4053333;0,86;198;9,5;0,37;24714;6,51;26350;40476;0,610575;3;1,5;62,9
119;NA;Marco;Loloti;A;2;NA;Lannea welwitschii;Indeterminee;Lannea;welwitschii;260870;2,109;;;0,008;0,4053333;0,84;198;10,5;0,34;47278;13,45;51333;38166;1,23874;3;1,5;65
120;NA;Marco;Loloti;A;3;NA;Lannea welwitschii;Indeterminee;Lannea;welwitschii;309524;3,244;;;0,01;0,4053333;0,85;198;8,7;0,34;42975;12,56;50100;39904;1,076955;3;1,5;68,5
121;NA;Marco;Loloti;B;1;NA;Lannea welwitschii;Indeterminee;Lannea;welwitschii;377778;3,6;;;0,01;0,4053333;0,8;284;4,7;0,29;18322;4,3;23100;53671;0,341384;3;1,5;58
122;NA;Marco;Loloti;B;2;NA;Lannea welwitschii;Indeterminee;Lannea;welwitschii;376812;3,487;;;0,009;0,4053333;0,63;284;9,4;0,27;35604;6,69;31600;47235;0,753775;3;1,5;62,9
123;NA;Marco;Loloti;B;3;NA;Lannea welwitschii;Indeterminee;Lannea;welwitschii;5,00E+05;4,6;;;0,009;0,4053333;0,65;284;11,3;0,26;32597;6;27820;46336;0,70349;3;1,5;60,5
124;NA;Marco;Loloti;C;1;NA;Lannea welwitschii;Indeterminee;Lannea;welwitschii;5,00E+05;2,149;;;0,004;0,4053333;0,81;180;6,8;0,31;19079;4,8;16700;34792;0,548367;3;1,5;55
125;NA;Marco;Loloti;C;2;NA;Lannea welwitschii;Indeterminee;Lannea;welwitschii;288136;2,432;;;0,008;0,4053333;0,64;180;13,8;0,34;39234;11,24;46450;41344;0,948956;3;1,5;52,6
126;NA;Marco;Loloti;C;3;NA;Lannea welwitschii;Indeterminee;Lannea;welwitschii;272727;4,106;;;0,015;0,4053333;0,49;180;11,7;0,32;53991;13,66;47900;35066;1,539689;3;1,5;52,9
127;NA;Marco;Lotofa;A;1;228649;Sterculia rhinopetala;Sterculiaceae;Sterculia;rhinopetala;546022;4,187;;;0,008;0,673;1,17;276;4,2;0,25;4237;0,58;3267;56461;0,075049;3;1;38,4
128;NA;Marco;Lotofa;A;2;NA;Sterculia rhinopetala;Sterculiaceae;Sterculia;rhinopetala;533175;4,862;;;0,009;0,673;1,2;276;4,9;0,23;5522;0,73;3667;50329;0,109721;3;1;39,6
129;NA;Marco;Lotofa;A;3;NA;Sterculia rhinopetala;Sterculiaceae;Sterculia;rhinopetala;487409;2,813;;;0,006;0,673;1,21;295;4,1;0,23;5189;0,67;3560;52995;0,097922;3;1;40,7
130;NA;Marco;Lotofa;B;1;NA;Sterculia rhinopetala;Sterculiaceae;Sterculia;rhinopetala;531697;3,302;;;0,006;0,673;1,45;295;4,4;0,24;4728;0,54;3220;59907;0,078916;3;1;48,5
131;NA;Marco;Lotofa;B;2;NA;Sterculia rhinopetala;Sterculiaceae;Sterculia;rhinopetala;587084;3,002;;;0,005;0,673;1,14;295;4,8;0,23;5810;0,71;4020;56889;0,102134;3;1;52,4
132;NA;Marco;Lotofa;B;3;NA;Sterculia rhinopetala;Sterculiaceae;Sterculia;rhinopetala;602258;6,916;;;0,011;0,673;1,2;236;5,1;0,25;5630;0,86;6450;74796;0,075274;3;1;45,5
133;NA;Marco;Lotofa;C;1;NA;Sterculia rhinopetala;Sterculiaceae;Sterculia;rhinopetala;590624;3,671;;;0,006;0,673;1,12;236;4,8;0,27;8321;1,34;9950;74157;0,112201;3;1;41,7
134;NA;Marco;Lotofa;C;2;NA;Sterculia rhinopetala;Sterculiaceae;Sterculia;rhinopetala;554693;3,097;;;0,006;0,673;0,99;236;6;0,28;9130;1,38;10200;73726;0,123833;3;1;40,1
135;NA;Marco;Lotofa;C;3;NA;Sterculia rhinopetala;Sterculiaceae;Sterculia;rhinopetala;625622;4,646;;;0,007;0,673;1,3;276;5,1;0,25;7008;0,86;4667;54106;0,129522;3;1;41,3
136;NA;Marco;Ouara grand;A;1;<U+00A0>318129;Cola gigantea;Sterculiaceae;Cola;gigantea;581717;5,526;;;0,009;0,48;1,33;1050;12,5;0,69;50149;18,25;70350;38559;1,300607;1;2;51,2
137;NA;Marco;Ouara grand;A;2;NA;Cola gigantea;Sterculiaceae;Cola;gigantea;427220;4,007;;;0,009;0,48;1,1;1050;8,8;0,84;32476;10,78;43350;40232;0,80721;1;2;50,2
138;NA;Marco;Ouara grand;A;3;NA;Cola gigantea;Sterculiaceae;Cola;gigantea;347605;7,357;;;0,021;0,48;0,96;513;9,9;0,73;39720;15,85;52350;33039;1,202231;1;2;53,5
139;NA;Marco;Ouara grand;B;1;NA;Cola gigantea;Sterculiaceae;Cola;gigantea;331283;5,143;;;0,016;0,48;1,29;513;6,9;0,57;20782;6,89;24333;35317;0,58843;1;2;56,5
140;NA;Marco;Ouara grand;B;2;NA;Cola gigantea;Sterculiaceae;Cola;gigantea;366804;5,865;;;0,016;0,48;1,53;513;6,4;0,53;19826;7,04;23867;33918;0,584547;1;2;58,1
141;NA;Marco;Ouara grand;B;3;NA;Cola gigantea;Sterculiaceae;Cola;gigantea;3,00E+05;2,423;;;0,008;0,48;0,81;199;10,9;0,29;28902;6,23;23267;37346;0,773886;1;2;55,9
142;NA;Marco;Ouara grand;C;1;NA;Cola gigantea;Sterculiaceae;Cola;gigantea;347826;2,082;;;0,006;0,48;0,9;199;13,1;0,3;58461;15,87;59200;37295;1,567527;1;2;34,9
143;NA;Marco;Ouara grand;C;2;NA;Cola gigantea;Sterculiaceae;Cola;gigantea;282051;2,193;;;0,008;0,48;0,72;199;17,8;0,31;65140;16,27;61950;38076;1,710785;1;2;37,1
144;NA;Marco;Ouara grand;C;3;NA;Cola gigantea;Sterculiaceae;Cola;gigantea;438866;9,732;;;0,022;0,48;1,36;1050;7,9;0,76;13337;7,67;29933;39027;0,34175;1;2;38,1
145;NA;Marco;Ouossoupalie a fleurs mauves;A;1;10716;Erythrina mildbraedii;Papilionaceae;Erythrina;mildbraedii;250000;2,536;;;0,01;0,2890507;1,12;100;15,2;0,24;21045;3,48;9350;26906;0,782171;1;1;45,6
146;NA;Marco;Ouossoupalie a fleurs mauves;A;2;NA;Erythrina mildbraedii;Papilionaceae;Erythrina;mildbraedii;375000;2,422;;;0,006;0,2890507;0,61;100;21,2;0,28;32593;2,74;20125;73516;0,443346;1;1;48,1
147;NA;Marco;Ouossoupalie a fleurs mauves;A;3;NA;Erythrina mildbraedii;Papilionaceae;Erythrina;mildbraedii;7,00E+05;2,014;;;0,003;0,2890507;2,73;215;5,6;0,28;7952;1,63;7028;43180;0,184149;1;1;47,9
148;NA;Marco;Ouossoupalie a fleurs mauves;B;1;NA;Erythrina mildbraedii;Papilionaceae;Erythrina;mildbraedii;572727;1,514;;;0,003;0,2890507;2,23;215;5,2;0,29;6955;1,73;7308;42301;0,164427;1;1;38,4
149;NA;Marco;Ouossoupalie a fleurs mauves;B;2;NA;Erythrina mildbraedii;Papilionaceae;Erythrina;mildbraedii;450000;1,834;;;0,004;0,2890507;2,06;215;6,1;0,33;11949;2,88;11607;40301;0,296497;1;1;47
150;NA;Marco;Ouossoupalie a fleurs mauves;B;3;NA;Erythrina mildbraedii;Papilionaceae;Erythrina;mildbraedii;NA;NA;;;NA;0,2890507;NA;NA;NA;NA;NA;NA;NA;NA;NA;1;1;43,9
151;NA;Marco;Ouossoupalie a fleurs mauves;C;1;NA;Erythrina mildbraedii;Papilionaceae;Erythrina;mildbraedii;NA;NA;;;NA;0,2890507;NA;NA;NA;NA;NA;NA;NA;NA;NA;1;1;39,5
152;NA;Marco;Ouossoupalie a fleurs mauves;C;2;NA;Erythrina mildbraedii;Papilionaceae;Erythrina;mildbraedii;NA;NA;;;NA;0,2890507;NA;NA;NA;NA;NA;NA;NA;NA;NA;1;1;42
153;NA;Marco;Ouossoupalie a fleurs mauves;C;3;NA;Erythrina mildbraedii;Papilionaceae;Erythrina;mildbraedii;222222;2,465;;;0,011;0,2890507;1,48;100;14,5;0,27;29207;5,71;17625;30867;0,946223;1;1;38,5
154;NA;Marco;Papayer;A;1;7571;Carica papaya;Caricaceae;Carica;papaya;177778;2,278;;;0,013;0,1875;0,57;66;34,9;0,38;94931;17,81;33400;18754;5,062029;3;2;58,8
155;NA;Marco;Papayer;A;2;NA;Carica papaya;Caricaceae;Carica;papaya;187500;2,371;;;0,013;0,1875;0,62;66;22,8;0,3;38392;6,42;11100;17290;2,220528;3;2;61,7
156;NA;Marco;Papayer;A;3;NA;Carica papaya;Caricaceae;Carica;papaya;101695;5,416;;;0,053;0,1875;0,86;72;36,2;0,42;103009;25,76;44900;17430;5,909803;3;2;54
157;NA;Marco;Papayer;B;1;NA;Carica papaya;Caricaceae;Carica;papaya;121951;4,666;;;0,038;0,1875;0,86;72;49,8;0,42;110696;27,6;65800;23841;4,64318;3;2;57,1
158;NA;Marco;Papayer;B;2;NA;Carica papaya;Caricaceae;Carica;papaya;130435;3,823;;;0,029;0,1875;0,71;72;24,7;0,32;95727;23,79;56400;23707;4,037834;3;2;58,7
159;NA;Marco;Papayer;B;3;NA;Carica papaya;Caricaceae;Carica;papaya;97561;4,679;;;0,048;0,1875;0,6;74;58,1;0,4;134033;32,31;79800;24698;5,426833;3;2;49,7
160;NA;Marco;Papayer;C;1;NA;Carica papaya;Caricaceae;Carica;papaya;1,00E+05;4,756;;;0,048;0,1875;0,64;74;26,8;0,46;90696;20,24;42300;20899;4,339662;3;2;42,5
161;NA;Marco;Papayer;C;2;NA;Carica papaya;Caricaceae;Carica;papaya;129032;3,843;;;0,03;0,1875;0,35;74;51,7;0,48;116932;26,3;45400;17262;6,773831;3;2;49,8
162;NA;Marco;Papayer;C;3;NA;Carica papaya;Caricaceae;Carica;papaya;120000;6,734;;;0,056;0,1875;0,42;66;60,3;0,32;101944;18,68;37900;20289;5,024575;3;2;47,2
163;NA;Marco;Pepe Angrouafou;A;1;32295;Ficus variifolia;Moraceae;Ficus;variifolia;217391;1,612;;;0,007;0,4055347;0,66;280;3;0,4;6102;1,42;5920;41573;0,146779;3;2;43
164;NA;Marco;Pepe Angrouafou;A;2;NA;Ficus variifolia;Moraceae;Ficus;variifolia;288136;1,827;;;0,006;0,4055347;0,73;280;3,3;0,41;8407;2,36;9380;39746;0,211522;3;2;42,5
165;NA;Marco;Pepe Angrouafou;A;3;NA;Ficus variifolia;Moraceae;Ficus;variifolia;3,00E+05;1,947;;;0,006;0,4055347;0,62;301;2;0,43;8688;2,04;8600;42198;0,205883;3;2;43,2
166;NA;Marco;Pepe Angrouafou;B;1;NA;Ficus variifolia;Moraceae;Ficus;variifolia;428571;2,466;;;0,006;0,4055347;0,64;301;2,7;0,44;13249;2,64;11300;42835;0,309297;3;2;42,5
167;NA;Marco;Pepe Angrouafou;B;2;NA;Ficus variifolia;Moraceae;Ficus;variifolia;3,00E+05;2,129;;;0,007;0,4055347;0,74;301;3,1;0,46;13601;2,88;14975;52033;0,26139;3;2;39,7
168;NA;Marco;Pepe Angrouafou;B;3;NA;Ficus variifolia;Moraceae;Ficus;variifolia;250000;2,504;;;0,01;0,4055347;0,68;256;2,6;0,45;6272;1,99;8150;41058;0,152748;3;2;44,1
169;NA;Marco;Pepe Angrouafou;C;1;NA;Ficus variifolia;Moraceae;Ficus;variifolia;267857;2,393;;;0,009;0,4055347;0,66;256;2,2;0,36;15287;4,86;17200;35427;0,431499;3;2;44,4
170;NA;Marco;Pepe Angrouafou;C;2;NA;Ficus variifolia;Moraceae;Ficus;variifolia;264706;2,029;;;0,008;0,4055347;0,79;256;5,6;0,5;2757;0,8;2350;29560;0,093265;3;2;41,3
171;NA;Marco;Pepe Angrouafou;C;3;NA;Ficus variifolia;Moraceae;Ficus;variifolia;203390;2,052;;;0,01;0,4055347;0,65;280;2,8;0,43;8327;2,09;8520;40805;0,20407;3;2;39,1
172;NA;Marco;Samba;A;1;NA;Triplochiton scleroxylon;Sterculiaceae;Triplochiton;scleroxylon;237288;2,912;;;0,012;0,3345;0,75;298;4,2;0,29;7494;1,3;7625;58694;0,125774;2;1;54,7
173;NA;Marco;Samba;A;2;NA;Triplochiton scleroxylon;Sterculiaceae;Triplochiton;scleroxylon;452899;4,017;;;0,009;0,3345;0,81;298;3;0,28;5258;0,98;6660;67621;0,092805;2;1;38
174;NA;Marco;Samba;A;3;NA;Triplochiton scleroxylon;Sterculiaceae;Triplochiton;scleroxylon;438452;1,562;;;0,004;0,3345;0,83;569;5,1;0,27;11852;1,88;11650;62034;0,19106;2;1;42,1
175;NA;Marco;Samba;B;1;NA;Triplochiton scleroxylon;Sterculiaceae;Triplochiton;scleroxylon;450306;3,471;;;0,008;0,3345;0,8;569;4,6;0,29;11801;1,64;10500;63902;0,184677;2;1;45,1
176;NA;Marco;Samba;B;2;NA;Triplochiton scleroxylon;Sterculiaceae;Triplochiton;scleroxylon;441940;2,43;;;0,005;0,3345;0,91;569;5,9;0,28;22057;2,87;20500;71553;0,308253;2;1;39,4
177;NA;Marco;Samba;B;3;NA;Triplochiton scleroxylon;Sterculiaceae;Triplochiton;scleroxylon;410919;5,186;;;0,013;0,3345;0,77;236;4,7;0,27;12572;1,47;8775;59538;0,221277;2;1;43,4
178;NA;Marco;Samba;C;1;NA;Triplochiton scleroxylon;Sterculiaceae;Triplochiton;scleroxylon;406805;1,731;;;0,004;0,3345;0,91;236;4,6;0,29;11969;1,28;8225;64075;0,177843;2;1;45,6
179;NA;Marco;Samba;C;2;NA;Triplochiton scleroxylon;Sterculiaceae;Triplochiton;scleroxylon;418288;2,212;;;0,005;0,3345;0,83;236;5,2;0,25;13913;1,62;9075;56123;0,256103;2;1;47,6
180;NA;Marco;Samba;C;3;NA;Triplochiton scleroxylon;Sterculiaceae;Triplochiton;scleroxylon;368916;8,796;;;0,024;0,3345;0,7;298;3,6;0,3;6752;1,29;7820;60567;0,123144;2;1;47,5
181;900;Vincyane;Eho;A;1;NA;NA;NA;Ricinodendron;heudelotii;NA;NA;903;3,34;NA;NA;0,93;NA;11,9;0,04;NA;10,73;2607;NA;NA;3;1;51,5
182;900;Vincyane;Eho;A;2;NA;NA;NA;Ricinodendron;heudelotii;NA;NA;150;0,59;NA;NA;1,11;NA;15;0,05;NA;7,07;1823;NA;NA;3;1;47,06
183;900;Vincyane;Eho;A;3;NA;NA;NA;Ricinodendron;heudelotii;NA;NA;869;3,52;NA;NA;1,2;NA;19,2;0,04;NA;14,21;3416;NA;NA;3;1;44,09
184;900;Vincyane;Eho;B;1;NA;NA;NA;Ricinodendron;heudelotii;NA;NA;320;1,27;NA;NA;0,69;NA;12,1;0,05;;12,8;2553;;;3;1;51,04
185;900;Vincyane;Eho;B;2;NA;NA;NA;Ricinodendron;heudelotii;NA;NA;961;3,45;NA;NA;0,67;NA;16,6;0,02;NA;11,02;2666;NA;NA;3;1;59,08
186;900;Vincyane;Eho;B;3;NA;NA;NA;Ricinodendron;heudelotii;NA;NA;443;1,62;NA;NA;0,68;NA;19;0,04;NA;11,06;2607;NA;NA;3;1;51,05
187;900;Vincyane;Eho;C;1;NA;NA;NA;Ricinodendron;heudelotii;NA;NA;767;3,33;NA;NA;0,67;NA;15,1;0,02;NA;8,57;1845;NA;NA;3;1;55,1
188;900;Vincyane;Eho;C;2;NA;NA;NA;Ricinodendron;heudelotii;NA;NA;1180;5,02;NA;NA;0,79;NA;20,3;0,06;NA;9,11;2287;NA;NA;3;1;49,4
189;900;Vincyane;Eho;C;3;NA;NA;NA;Ricinodendron;heudelotii;NA;NA;808;3,01;NA;NA;0,69;NA;18;0,05;NA;8,03;1840;NA;NA;3;1;51,2
190;675;Vincyane;Okoue nitida;A;1;NA;NA;NA;Baphia;nitida;NA;NA;62;0,11;NA;NA;0,53;NA;0,7;0,02;NA;0,38;163;NA;NA;3;2;47,8
191;675;Vincyane;Okoue nitida;A;2;NA;NA;NA;Baphia;nitida;NA;NA;170;0,29;NA;NA;0,49;NA;0,9;0,02;NA;0,36;144;NA;NA;3;2;48,7
192;675;Vincyane;Okoue nitida;A;3;NA;NA;NA;Baphia;nitida;NA;NA;396;0,83;NA;NA;0,45;NA;0,8;0,03;NA;0,55;245;NA;NA;3;2;50,2
193;675;Vincyane;Okoue nitida;B;1;NA;NA;NA;Baphia;nitida;NA;NA;167;0,31;NA;NA;0,38;NA;1;0,02;NA;0,29;145;NA;NA;3;2;52,4
194;675;Vincyane;Okoue nitida;B;2;NA;NA;NA;Baphia;nitida;NA;NA;107;0,16;NA;NA;0,5;NA;1,3;0,03;NA;0,55;268;NA;NA;3;2;49,5
195;675;Vincyane;Okoue nitida;B;3;NA;NA;NA;Baphia;nitida;NA;NA;271;0,59;NA;NA;0,44;NA;1;0,02;NA;0,85;348;NA;NA;3;2;51,3
196;675;Vincyane;Okoue nitida;C;1;NA;NA;NA;Baphia;nitida;NA;NA;53;0,7;NA;NA;0,38;NA;0,9;0,02;NA;0,51;205;NA;NA;3;2;44,5
197;675;Vincyane;Okoue nitida;C;2;NA;NA;NA;Baphia;nitida;NA;NA;163;0,36;NA;NA;0,49;NA;0,8;0,03;NA;0,7;273;NA;NA;3;2;47,9
198;675;Vincyane;Okoue nitida;C;3;NA;NA;NA;Baphia;nitida;NA;NA;103;0,18;NA;NA;0,37;NA;0,9;0,02;NA;0,83;344;NA;NA;3;2;47,1
199;518;Vincyane;Adaschia;A;1;NA;NA;NA;Trema;orientalis;NA;NA;282;0,99;NA;NA;0,38;NA;1,5;0,05;NA;1,27;514;NA;NA;3;2;41
200;518;Vincyane;Adaschia;A;2;NA;NA;NA;Trema;orientalis;NA;NA;280;0,69;NA;NA;0,46;NA;1,2;0,03;NA;0,63;222;NA;NA;3;2;42,4
201;518;Vincyane;Adaschia;A;3;NA;NA;NA;Trema;orientalis;NA;NA;373;0,65;NA;NA;0,35;NA;1,4;0,04;NA;1,14;439;NA;NA;3;2;49,9
202;518;Vincyane;Adaschia;B;1;NA;NA;NA;Trema;orientalis;NA;NA;286;0,81;NA;NA;0,37;NA;0,8;0,03;NA;0,39;142;NA;NA;3;2;42,8
203;518;Vincyane;Adaschia;B;2;NA;NA;NA;Trema;orientalis;NA;NA;253;0,65;NA;NA;0,36;NA;0,8;0,04;NA;0,47;163;NA;NA;3;2;40,7
204;518;Vincyane;Adaschia;B;3;NA;NA;NA;Trema;orientalis;NA;NA;381;1,19;NA;NA;0,35;NA;1,7;0,03;NA;0,84;302;NA;NA;3;2;37,5
205;518;Vincyane;Adaschia;C;1;NA;NA;NA;Trema;orientalis;NA;NA;951;1,94;NA;NA;0,46;NA;1,3;0,06;NA;0,94;291;NA;NA;3;2;49
206;518;Vincyane;Adaschia;C;2;NA;NA;NA;Trema;orientalis;NA;NA;454;0,75;NA;NA;0,43;NA;1,3;0,05;NA;0,7;250;NA;NA;3;2;48,7
207;518;Vincyane;Adaschia;C;3;NA;NA;NA;Trema;orientalis;NA;NA;262;0,5;NA;NA;0,43;NA;1,3;0,06;NA;1,13;369;NA;NA;3;2;48,2
208;462;Vincyane;Balie;A;1;NA;NA;NA;Newbouldia;laevis;NA;NA;454;1,85;NA;NA;0,77;NA;11,5;0,02;NA;8,39;2272;NA;NA;3;2;44,1
209;462;Vincyane;Balie;A;2;NA;NA;NA;Newbouldia;laevis;NA;NA;482;1,18;NA;NA;0,74;NA;7,3;0,04;NA;13,16;3779;NA;NA;3;2;54,6
210;462;Vincyane;Balie;A;3;NA;NA;NA;Newbouldia;laevis;NA;NA;343;0,95;NA;NA;0,83;NA;10;0,03;NA;18,37;5636;NA;NA;3;2;54,1
211;462;Vincyane;Balie;B;1;NA;NA;NA;Newbouldia;laevis;NA;NA;482;1,33;NA;NA;0,74;NA;15,5;0,05;NA;6,82;2152;NA;NA;3;2;38,5
212;462;Vincyane;Balie;B;2;NA;NA;NA;Newbouldia;laevis;NA;NA;179;0,47;NA;NA;0,84;NA;18;0,04;NA;8,88;2573;NA;NA;3;2;56,8
213;462;Vincyane;Balie;B;3;NA;NA;NA;Newbouldia;laevis;NA;NA;555;1,55;NA;NA;0,71;NA;14,7;0,04;NA;12,8;4006;NA;NA;3;2;55,1
214;462;Vincyane;Balie;C;1;NA;NA;NA;Newbouldia;laevis;NA;NA;86;0,4;NA;NA;0,83;NA;11,7;0,03;NA;6,92;1991;NA;NA;3;2;38,6
215;462;Vincyane;Balie;C;2;NA;NA;NA;Newbouldia;laevis;NA;NA;82;0,33;NA;NA;0,8;NA;12;0,05;NA;12,29;3835;NA;NA;3;2;57,8
216;462;Vincyane;Balie;C;3;NA;NA;NA;Newbouldia;laevis;NA;NA;368;1,58;NA;NA;0,67;NA;11,2;0,02;NA;11,48;3938;NA;NA;3;2;60,2
217;310;Vincyane;Bape;A;1;NA;NA;NA;Anthonotha;vignei;NA;NA;;;NA;NA;NA;NA;NA;NA;NA;NA;NA;NA;NA;3;2;
218;310;Vincyane;Bape;A;2;NA;NA;NA;Anthonotha;vignei;NA;NA;;;NA;NA;NA;NA;NA;NA;NA;NA;NA;NA;NA;3;2;
219;310;Vincyane;Bape;A;3;NA;NA;NA;Anthonotha;vignei;NA;NA;;;NA;NA;NA;NA;NA;NA;NA;NA;NA;NA;NA;3;2;
220;310;Vincyane;Bape;B;1;NA;NA;NA;Anthonotha;vignei;NA;NA;;;NA;NA;NA;NA;NA;NA;NA;NA;NA;NA;NA;3;2;
221;310;Vincyane;Bape;B;2;NA;NA;NA;Anthonotha;vignei;NA;NA;;;NA;NA;NA;NA;NA;NA;NA;NA;NA;NA;NA;3;2;
222;310;Vincyane;Bape;B;3;NA;NA;NA;Anthonotha;vignei;NA;NA;;;NA;NA;NA;NA;NA;NA;NA;NA;NA;NA;NA;3;2;
223;310;Vincyane;Bape;C;1;NA;NA;NA;Anthonotha;vignei;NA;NA;;;NA;NA;NA;NA;NA;NA;NA;NA;NA;NA;NA;3;2;
224;310;Vincyane;Bape;C;2;NA;NA;NA;Anthonotha;vignei;NA;NA;;;NA;NA;NA;NA;NA;NA;NA;NA;NA;NA;NA;3;2;
225;310;Vincyane;Bape;C;3;NA;NA;NA;Anthonotha;vignei;NA;NA;;;NA;NA;NA;NA;NA;NA;NA;NA;NA;NA;NA;3;2;
226;267;Vincyane;Okoue / polyglacea;A;1;NA;NA;NA;Baphia;polygalacea;NA;NA;;;NA;NA;NA;NA;NA;NA;NA;NA;NA;NA;NA;3;1;
227;267;Vincyane;Okoue / polyglacea;A;2;NA;NA;NA;Baphia;polygalacea;NA;NA;;;NA;NA;NA;NA;NA;NA;NA;NA;NA;NA;NA;3;1;
228;267;Vincyane;Okoue / polyglacea;A;3;NA;NA;NA;Baphia;polygalacea;NA;NA;;;NA;NA;NA;NA;NA;NA;NA;NA;NA;NA;NA;3;1;
229;267;Vincyane;Okoue / polyglacea;B;1;NA;NA;NA;Baphia;polygalacea;NA;NA;;;NA;NA;NA;NA;NA;NA;NA;NA;NA;NA;NA;3;1;
230;267;Vincyane;Okoue / polyglacea;B;2;NA;NA;NA;Baphia;polygalacea;NA;NA;;;NA;NA;NA;NA;NA;NA;NA;NA;NA;NA;NA;3;1;
231;267;Vincyane;Okoue / polyglacea;B;3;NA;NA;NA;Baphia;polygalacea;NA;NA;;;NA;NA;NA;NA;NA;NA;NA;NA;NA;NA;NA;3;1;
232;267;Vincyane;Okoue / polyglacea;C;1;NA;NA;NA;Baphia;polygalacea;NA;NA;;;NA;NA;NA;NA;NA;NA;NA;NA;NA;NA;NA;3;1;
233;267;Vincyane;Okoue / polyglacea;C;2;NA;NA;NA;Baphia;polygalacea;NA;NA;;;NA;NA;NA;NA;NA;NA;NA;NA;NA;NA;NA;3;1;
234;267;Vincyane;Okoue / polyglacea;C;3;NA;NA;NA;Baphia;polygalacea;NA;NA;;;NA;NA;NA;NA;NA;NA;NA;NA;NA;NA;NA;3;1;
235;165;Vincyane;NGavi a gros fruits;A;1;NA;NA;NA;Diospyros;mannii;NA;NA;;;NA;NA;NA;NA;NA;NA;NA;NA;NA;NA;NA;3;2;
236;165;Vincyane;NGavi a gros fruits;A;2;NA;NA;NA;Diospyros;mannii;NA;NA;;;NA;NA;NA;NA;NA;NA;NA;NA;NA;NA;NA;3;2;
237;165;Vincyane;NGavi a gros fruits;A;3;NA;NA;NA;Diospyros;mannii;NA;NA;;;NA;NA;NA;NA;NA;NA;NA;NA;NA;NA;NA;3;2;
238;165;Vincyane;NGavi a gros fruits;B;1;NA;NA;NA;Diospyros;mannii;NA;NA;;;NA;NA;NA;NA;NA;NA;NA;NA;NA;NA;NA;3;2;
239;165;Vincyane;NGavi a gros fruits;B;2;NA;NA;NA;Diospyros;mannii;NA;NA;;;NA;NA;NA;NA;NA;NA;NA;NA;NA;NA;NA;3;2;
240;165;Vincyane;NGavi a gros fruits;B;3;NA;NA;NA;Diospyros;mannii;NA;NA;;;NA;NA;NA;NA;NA;NA;NA;NA;NA;NA;NA;3;2;
241;165;Vincyane;NGavi a gros fruits;C;1;NA;NA;NA;Diospyros;mannii;NA;NA;;;NA;NA;NA;NA;NA;NA;NA;NA;NA;NA;NA;3;2;
242;165;Vincyane;NGavi a gros fruits;C;2;NA;NA;NA;Diospyros;mannii;NA;NA;;;NA;NA;NA;NA;NA;NA;NA;NA;NA;NA;NA;3;2;
243;165;Vincyane;NGavi a gros fruits;C;3;NA;NA;NA;Diospyros;mannii;NA;NA;;;NA;NA;NA;NA;NA;NA;NA;NA;NA;NA;NA;3;2;
244;164;Vincyane;Pore pore;A;1;NA;NA;NA;Sterculia;tragacantha;NA;NA;312;1,08;NA;NA;0,47;NA;2,6;0,07;NA;1,05;521;NA;NA;3;1;44,4
245;164;Vincyane;Pore pore;A;2;NA;NA;NA;Sterculia;tragacantha;NA;NA;245;0,89;NA;NA;0,68;NA;3,5;0,06;NA;2,09;1016;NA;NA;3;1;46,5
246;164;Vincyane;Pore pore;A;3;NA;NA;NA;Sterculia;tragacantha;NA;NA;120;1,51;NA;NA;0,6;NA;3,9;0,07;NA;1,99;1034;NA;NA;3;1;47,7
247;164;Vincyane;Pore pore;B;1;NA;NA;NA;Sterculia;tragacantha;NA;NA;607;2,35;NA;NA;1,02;NA;1,52;0,04;NA;0,95;552;NA;NA;3;1;42,3
248;164;Vincyane;Pore pore;B;2;NA;NA;NA;Sterculia;tragacantha;NA;NA;56;0,19;NA;NA;0,95;NA;3,7;0,06;NA;1,78;832;NA;NA;3;1;41,6
249;164;Vincyane;Pore pore;B;3;NA;NA;NA;Sterculia;tragacantha;NA;NA;403;0,44;NA;NA;0,62;NA;4,2;0,04;NA;1,87;857;NA;NA;3;1;42,9
250;164;Vincyane;Pore pore;C;1;NA;NA;NA;Sterculia;tragacantha;NA;NA;193;0,71;NA;NA;0,81;NA;3,2;0,03;NA;0,81;285;NA;NA;3;1;41,3
251;164;Vincyane;Pore pore;C;2;NA;NA;NA;Sterculia;tragacantha;NA;NA;98;0,33;NA;NA;0,73;NA;2,3;0,04;NA;1,45;523;NA;NA;3;1;38,6
252;164;Vincyane;Pore pore;C;3;NA;NA;NA;Sterculia;tragacantha;NA;NA;355;1,36;NA;NA;0,8;NA;4,3;0,04;NA;2,18;830;NA;NA;3;1;46,1
253;156;Vincyane;Kekemi;A;1;NA;NA;NA;Diospyros;viridicans;NA;NA;160;0,4;NA;NA;0,4;NA;0,5;0,03;NA;0,55;285;NA;NA;3;2;34,6
254;156;Vincyane;Kekemi;A;2;NA;NA;NA;Diospyros;viridicans;NA;NA;387;0,91;NA;NA;0,35;NA;1,5;0,03;NA;0,74;367;NA;NA;3;2;55,6
255;156;Vincyane;Kekemi;A;3;NA;NA;NA;Diospyros;viridicans;NA;NA;472;1,3;NA;NA;0,47;NA;1,2;0,04;NA;0,79;373;NA;NA;3;2;63,1
256;156;Vincyane;Kekemi;B;1;NA;NA;NA;Diospyros;viridicans;NA;NA;636;1,25;NA;NA;0,77;NA;1,2;0,04;NA;0,97;272;NA;NA;3;2;57,4
257;156;Vincyane;Kekemi;B;2;NA;NA;NA;Diospyros;viridicans;NA;NA;610;1,21;NA;NA;0,73;NA;1,3;0,03;NA;1,21;323;NA;NA;3;2;49,1
258;156;Vincyane;Kekemi;B;3;NA;NA;NA;Diospyros;viridicans;NA;NA;129;0,23;NA;NA;0,75;NA;1,6;0,05;NA;1,38;510;NA;NA;3;2;66,1
259;156;Vincyane;Kekemi;C;1;NA;NA;NA;Diospyros;viridicans;NA;NA;128;0,32;NA;NA;0,3;NA;1,5;0,03;NA;0,55;201;NA;NA;3;2;42,5
260;156;Vincyane;Kekemi;C;2;NA;NA;NA;Diospyros;viridicans;NA;NA;144;0,18;NA;NA;0,29;NA;1,5;0,04;NA;0,97;362;NA;NA;3;2;47,3
261;156;Vincyane;Kekemi;C;3;NA;NA;NA;Diospyros;viridicans;NA;NA;129;0,3;NA;NA;0,26;NA;1,8;0,04;NA;0,87;324;NA;NA;3;2;46,8
262;145;Vincyane;Banaye heudeloti;A;1;NA;NA;NA;Trichilia;heudelotii;NA;NA;215;0,54;NA;NA;0,35;NA;12,7;0,03;NA;4,37;1805;NA;NA;3;2;65,8
263;145;Vincyane;Banaye heudeloti;A;2;NA;NA;NA;Trichilia;heudelotii;NA;NA;563;1,46;NA;NA;0,33;NA;13,5;0,04;NA;7,85;3211;NA;NA;3;2;57,3
264;145;Vincyane;Banaye heudeloti;A;3;NA;NA;NA;Trichilia;heudelotii;NA;NA;221;0,57;NA;NA;0,39;NA;11,5;0,03;NA;7,14;3155;NA;NA;3;2;70,4
265;145;Vincyane;Banaye heudeloti;B;1;NA;NA;NA;Trichilia;heudelotii;NA;NA;414;0,63;NA;NA;0,34;NA;5,8;0,04;NA;4,18;1804;NA;NA;3;2;64,4
266;145;Vincyane;Banaye heudeloti;B;2;NA;NA;NA;Trichilia;heudelotii;NA;NA;154;0,23;NA;NA;0,3;NA;7,7;0,04;NA;7,22;3056;NA;NA;3;2;64
267;145;Vincyane;Banaye heudeloti;B;3;NA;NA;NA;Trichilia;heudelotii;NA;NA;279;0,41;NA;NA;0,31;NA;8,7;0,05;NA;8,3;3438;NA;NA;3;2;65
268;145;Vincyane;Banaye heudeloti;C;1;NA;NA;NA;Trichilia;heudelotii;NA;NA;259;0,37;NA;NA;0,29;NA;13,3;0,03;NA;9,44;2328;NA;NA;3;2;40,3
269;145;Vincyane;Banaye heudeloti;C;2;NA;NA;NA;Trichilia;heudelotii;NA;NA;176;0,49;NA;NA;0,31;NA;8,5;0,02;NA;2,49;661;NA;NA;3;2;32,2
270;145;Vincyane;Banaye heudeloti;C;3;NA;NA;NA;Trichilia;heudelotii;NA;NA;98;0,15;NA;NA;0,31;NA;10,4;0,03;NA;7,03;2413;NA;NA;3;2;40,5
271;140;Vincyane;Akatio;A;1;NA;NA;NA;Gambeya;africana;NA;NA;191;0,39;NA;NA;0,44;NA;1,7;0,02;NA;1,17;541;NA;NA;3;2;56,7
272;140;Vincyane;Akatio;A;2;NA;NA;NA;Gambeya;africana;NA;NA;129;0,25;NA;NA;0,43;NA;1,7;0,02;NA;1,07;625;NA;NA;3;2;56,6
273;140;Vincyane;Akatio;A;3;NA;NA;NA;Gambeya;africana;NA;NA;104;0,23;NA;NA;0,37;NA;1,6;0,04;NA;1,91;799;NA;NA;3;2;49,2
274;140;Vincyane;Akatio;B;1;NA;NA;NA;Gambeya;africana;NA;NA;310;0,66;NA;NA;0,53;NA;2,3;0,03;NA;0,82;423;NA;NA;3;2;61,5
275;140;Vincyane;Akatio;B;2;NA;NA;NA;Gambeya;africana;NA;NA;148;0,46;NA;NA;0,48;NA;2;0,03;NA;1,26;672;NA;NA;3;2;60
276;140;Vincyane;Akatio;B;3;NA;NA;NA;Gambeya;africana;NA;NA;97;0,26;NA;NA;0,55;NA;1,6;0,03;NA;0,83;474;NA;NA;3;2;57,3
277;140;Vincyane;Akatio;C;1;NA;NA;NA;Gambeya;africana;NA;NA;352;0,71;NA;NA;0,42;NA;1,2;0,03;NA;0,91;484;NA;NA;3;2;62,8
278;140;Vincyane;Akatio;C;2;NA;NA;NA;Gambeya;africana;NA;NA;205;0,36;NA;NA;0,51;NA;1,2;0,03;NA;1,04;492;NA;NA;3;2;60,6
279;140;Vincyane;Akatio;C;3;NA;NA;NA;Gambeya;africana;NA;NA;370;0,77;NA;NA;0,48;NA;1,9;0,03;NA;3,28;1516;NA;NA;3;2;58,3
280;129;Vincyane;Kekele;A;1;NA;NA;NA;Holoptelea;grandis;NA;NA;1754;4,21;NA;NA;0,29;NA;2,2;0,02;NA;1,68;447;NA;NA;3;1;44,6
281;129;Vincyane;Kekele;A;2;NA;NA;NA;Holoptelea;grandis;NA;NA;226;0,73;NA;NA;0,5;NA;1,9;0,02;NA;1,6;470;NA;NA;3;1;44,8
282;129;Vincyane;Kekele;A;3;NA;NA;NA;Holoptelea;grandis;NA;NA;309;0,96;NA;NA;0,31;NA;1,6;0,02;NA;1,67;552;NA;NA;3;1;47,4
283;129;Vincyane;Kekele;B;1;NA;NA;NA;Holoptelea;grandis;NA;NA;988;2,72;NA;NA;0,54;NA;1,1;0,02;NA;1,14;367;NA;NA;3;1;29,6
284;129;Vincyane;Kekele;B;2;NA;NA;NA;Holoptelea;grandis;NA;NA;787;2,39;NA;NA;0,69;NA;1,1;0,03;NA;1,16;357;NA;NA;3;1;33,1
285;129;Vincyane;Kekele;B;3;NA;NA;NA;Holoptelea;grandis;NA;NA;1441;4,29;NA;NA;0,78;NA;1;0,03;NA;1,27;378;NA;NA;3;1;45,1
286;129;Vincyane;Kekele;C;1;NA;NA;NA;Holoptelea;grandis;NA;NA;188;0,38;NA;NA;0,49;NA;1,3;0,03;NA;0,67;249;NA;NA;3;1;33,7
287;129;Vincyane;Kekele;C;2;NA;NA;NA;Holoptelea;grandis;NA;NA;287;0,82;NA;NA;0,45;NA;0,9;0,02;NA;0,74;235;NA;NA;3;1;42,7
288;129;Vincyane;Kekele;C;3;NA;NA;NA;Holoptelea;grandis;NA;NA;199;0,52;NA;NA;0,52;NA;1,2;0,02;NA;2,26;672;NA;NA;3;1;44,6
289;106;Vincyane;Movingui;A;1;NA;NA;NA;Distemonanthus;benthamianus;NA;NA;400;0,03;NA;NA;0,25;NA;4,6;0,02;NA;3,3;1477;NA;NA;2;2;36,5
290;106;Vincyane;Movingui;A;2;NA;NA;NA;Distemonanthus;benthamianus;NA;NA;161;0,55;NA;NA;0,25;NA;4,6;0,01;NA;3;1412;NA;NA;2;2;37,7
291;106;Vincyane;Movingui;A;3;NA;NA;NA;Distemonanthus;benthamianus;NA;NA;523;0,36;NA;NA;0,31;NA;3,6;0,02;NA;1,26;797;NA;NA;2;2;44,5
292;106;Vincyane;Movingui;B;1;NA;NA;NA;Distemonanthus;benthamianus;NA;NA;336;0,87;NA;NA;0,75;NA;4,2;0,02;NA;5,05;1404;NA;NA;2;2;20,1
293;106;Vincyane;Movingui;B;2;NA;NA;NA;Distemonanthus;benthamianus;NA;NA;338;0,88;NA;NA;0,51;NA;3,6;0,02;NA;5,85;1553;NA;NA;2;2;17,3
294;106;Vincyane;Movingui;B;3;NA;NA;NA;Distemonanthus;benthamianus;NA;NA;564;1,62;NA;NA;0,7;NA;3,3;0,02;NA;5,47;1399;NA;NA;2;2;23,4
295;106;Vincyane;Movingui;C;1;NA;NA;NA;Distemonanthus;benthamianus;NA;NA;203;0,42;NA;NA;0,22;NA;4,5;0,02;NA;4,22;1185;NA;NA;2;2;33,3
296;106;Vincyane;Movingui;C;2;NA;NA;NA;Distemonanthus;benthamianus;NA;NA;641;1,38;NA;NA;0,21;NA;4,5;0,02;NA;2,14;645;NA;NA;2;2;34,9
297;106;Vincyane;Movingui;C;3;NA;NA;NA;Distemonanthus;benthamianus;NA;NA;380;0,77;NA;NA;0,25;NA;3,5;0,02;NA;3,21;983;NA;NA;2;2;34,4
298;101;Vincyane;Pouo;A;1;NA;NA;NA;Funtumia;africana;NA;NA;155;0,18;NA;NA;0,43;NA;0,7;0,02;NA;0,86;228;NA;NA;3;2;41,9
299;101;Vincyane;Pouo;A;2;NA;NA;NA;Funtumia;africana;NA;NA;241;0,45;NA;NA;0,44;NA;0,7;0,03;NA;1,35;323;NA;NA;3;2;47,7
300;101;Vincyane;Pouo;A;3;NA;NA;NA;Funtumia;africana;NA;NA;258;0,52;NA;NA;0,45;NA;0,7;0,04;NA;0,85;210;NA;NA;3;2;42,6
301;101;Vincyane;Pouo;B;1;NA;NA;NA;Funtumia;africana;NA;NA;252;0,53;NA;NA;0,29;NA;0,9;0,04;NA;1,67;370;NA;NA;3;2;49
302;101;Vincyane;Pouo;B;2;NA;NA;NA;Funtumia;africana;NA;NA;291;0,62;NA;NA;0,28;NA;0,7;0,04;NA;1,83;586;NA;NA;3;2;58,4
303;101;Vincyane;Pouo;B;3;NA;NA;NA;Funtumia;africana;NA;NA;241;0,62;NA;NA;0,27;NA;1,2;0,04;NA;2,5;740;NA;NA;3;2;61,6
304;101;Vincyane;Pouo;C;1;NA;NA;NA;Funtumia;africana;NA;NA;153;0,36;NA;NA;0,3;NA;1;0,04;NA;2,25;728;NA;NA;3;2;61,7
305;101;Vincyane;Pouo;C;2;NA;NA;NA;Funtumia;africana;NA;NA;86;0,18;NA;NA;0,3;NA;1;0,04;NA;2,36;763;NA;NA;3;2;58,1
306;101;Vincyane;Pouo;C;3;NA;NA;NA;Funtumia;africana;NA;NA;189;0,41;NA;NA;0,36;NA;0,8;0,03;NA;1,32;512;NA;NA;3;2;63,8
307;84;Vincyane;Dede;A;1;NA;NA;NA;Ficus;exasperata;NA;NA;352;1,01;NA;NA;0,37;NA;1,4;0,06;NA;0,69;170;NA;NA;3;1;42,9
308;84;Vincyane;Dede;A;2;NA;NA;NA;Ficus;exasperata;NA;NA;201;0,47;NA;NA;0,35;NA;1,7;0,07;NA;1,96;411;NA;NA;3;1;41,4
309;84;Vincyane;Dede;A;3;NA;NA;NA;Ficus;exasperata;NA;NA;240;0,66;NA;NA;0,32;NA;1,7;0,05;NA;0,79;215;NA;NA;3;1;43
310;84;Vincyane;Dede;B;1;NA;NA;NA;Ficus;exasperata;NA;NA;78;0,15;NA;NA;0,47;NA;1,5;0,04;NA;1,13;353;NA;NA;3;1;47
311;84;Vincyane;Dede;B;2;NA;NA;NA;Ficus;exasperata;NA;NA;26;0,5;NA;NA;0,46;NA;1,5;0,07;NA;1,43;431;NA;NA;3;1;44,7
312;84;Vincyane;Dede;B;3;NA;NA;NA;Ficus;exasperata;NA;NA;682;2,22;NA;NA;0,41;NA;1,6;0,06;NA;1,9;581;NA;NA;3;1;44,1
313;84;Vincyane;Dede;C;1;NA;NA;NA;Ficus;exasperata;NA;NA;218;1,01;NA;NA;0,59;NA;1,7;0,06;NA;0,69;273;NA;NA;3;1;42,9
314;84;Vincyane;Dede;C;2;NA;NA;NA;Ficus;exasperata;NA;NA;315;0,47;NA;NA;0,67;NA;2,2;0,08;NA;1,96;359;NA;NA;3;1;41,4
315;84;Vincyane;Dede;C;3;NA;NA;NA;Ficus;exasperata;NA;NA;254;0,66;NA;NA;0,67;NA;1,9;0,08;NA;0,79;379;NA;NA;3;1;43
316;81;Vincyane;Akossika;A;1;NA;NA;NA;Scottellia;coriacea;NA;NA;182;0,76;NA;NA;0,54;NA;1,5;0,04;NA;1,07;464;NA;NA;3;2;55,9
317;81;Vincyane;Akossika;A;2;NA;NA;NA;Scottellia;coriacea;NA;NA;359;0,8;NA;NA;0,6;NA;1,5;0,04;NA;1,14;501;NA;NA;3;2;48,2
318;81;Vincyane;Akossika;A;3;NA;NA;NA;Scottellia;coriacea;NA;NA;387;0,76;NA;NA;0,42;NA;1,6;0,04;NA;1,27;551;NA;NA;3;2;64,5
319;81;Vincyane;Akossika;B;1;NA;NA;NA;Scottellia;coriacea;NA;NA;229;0,38;NA;NA;0,5;NA;0,9;0,04;NA;1;470;NA;NA;3;2;47
320;81;Vincyane;Akossika;B;2;NA;NA;NA;Scottellia;coriacea;NA;NA;129;0,25;NA;NA;0,6;NA;1,2;0,06;NA;1,1;515;NA;NA;3;2;50,7
321;81;Vincyane;Akossika;B;3;NA;NA;NA;Scottellia;coriacea;NA;NA;255;0,48;NA;NA;0,52;NA;1,4;0,03;NA;0,84;467;NA;NA;3;2;38,8
322;81;Vincyane;Akossika;C;1;NA;NA;NA;Scottellia;coriacea;NA;NA;531;1,15;NA;NA;0,74;NA;0,7;0,05;NA;1,28;560;NA;NA;3;2;54,3
323;81;Vincyane;Akossika;C;2;NA;NA;NA;Scottellia;coriacea;NA;NA;549;1,22;NA;NA;0,57;NA;0,6;0,02;NA;1,05;494;NA;NA;3;2;48,4
324;81;Vincyane;Akossika;C;3;NA;NA;NA;Scottellia;coriacea;NA;NA;547;1,19;NA;NA;0,55;NA;0,7;0,03;NA;1,25;585;NA;NA;3;2;52,3
325;79;Vincyane;Aboudikro;A;1;NA;NA;NA;Entandrophragma;cylindricum;NA;NA;33;0,08;NA;NA;0,4;NA;2,2;0,04;NA;6,93;1638;NA;NA;2;1;34,8
326;79;Vincyane;Aboudikro;A;2;NA;NA;NA;Entandrophragma;cylindricum;NA;NA;143;0,35;NA;NA;0,37;NA;13,6;0,04;NA;14,16;5783;NA;NA;2;1;47
327;79;Vincyane;Aboudikro;A;3;NA;NA;NA;Entandrophragma;cylindricum;NA;NA;389;1,11;NA;NA;0,4;NA;5,3;0,04;NA;9,15;3660;NA;NA;2;1;60,4
328;79;Vincyane;Aboudikro;B;1;NA;NA;NA;Entandrophragma;cylindricum;NA;NA;76;0,15;NA;NA;0,97;NA;5,9;0,04;NA;20,67;8738;NA;NA;2;1;69,3
329;79;Vincyane;Aboudikro;B;2;NA;NA;NA;Entandrophragma;cylindricum;NA;NA;103;0,29;NA;NA;0,85;NA;13,5;0,04;NA;10,23;4475;NA;NA;2;1;69
330;79;Vincyane;Aboudikro;B;3;NA;NA;NA;Entandrophragma;cylindricum;NA;NA;61;0,14;NA;NA;0,7;NA;8,9;0,04;NA;19,28;8034;NA;NA;2;1;69,7
331;79;Vincyane;Aboudikro;C;1;NA;NA;NA;Entandrophragma;cylindricum;NA;NA;238;0,6;NA;NA;0,45;NA;11,4;0,03;NA;12,18;4669;NA;NA;2;1;64,3
332;79;Vincyane;Aboudikro;C;2;NA;NA;NA;Entandrophragma;cylindricum;NA;NA;640;1,7;NA;NA;0,52;NA;15,3;0,03;NA;27,12;10915;NA;NA;2;1;64,2
333;79;Vincyane;Aboudikro;C;3;NA;NA;NA;Entandrophragma;cylindricum;NA;NA;191;0,48;NA;NA;0,5;NA;13,5;0,03;NA;21;8325;NA;NA;2;1;60
334;78;Vincyane;Asan;A;1;NA;NA;NA;Celtis;zenkeri;NA;NA;372;0,86;NA;NA;0,46;NA;0,6;0,02;3451;0,61;133;NA;NA;3;1;31,7
335;78;Vincyane;Asan;A;2;NA;NA;NA;Celtis;zenkeri;NA;NA;46;0,02;NA;NA;0,46;NA;0,7;0,04;3607;0,63;123;NA;NA;3;1;23,3
336;78;Vincyane;Asan;A;3;NA;NA;NA;Celtis;zenkeri;NA;NA;428;0,78;NA;NA;0,37;NA;0,5;0,02;4559;0,89;183;NA;NA;3;1;28,9
337;78;Vincyane;Asan;B;1;NA;NA;NA;Celtis;zenkeri;NA;NA;262;0,52;NA;NA;0,52;NA;0,5;0,03;3400;0,67;176;NA;NA;3;1;41,1
338;78;Vincyane;Asan;B;2;NA;NA;NA;Celtis;zenkeri;NA;NA;432;0,6;NA;NA;0,61;NA;0,7;0,04;4539;0,93;238;NA;NA;3;1;42
339;78;Vincyane;Asan;B;3;NA;NA;NA;Celtis;zenkeri;NA;NA;750;0,96;NA;NA;0,62;NA;0,7;0,04;5445;1,1;272;NA;NA;3;1;42,2
340;78;Vincyane;Asan;C;1;NA;NA;NA;Celtis;zenkeri;NA;NA;313;0,46;NA;NA;0,49;NA;0,7;0,04;3687;0,67;346;NA;NA;3;1;44
341;78;Vincyane;Asan;C;2;NA;NA;NA;Celtis;zenkeri;NA;NA;466;0,83;NA;NA;0,5;NA;0,6;0,03;2482;0,4;116;NA;NA;3;1;34,7
342;78;Vincyane;Asan;C;3;NA;NA;NA;Celtis;zenkeri;NA;NA;1143;1,96;NA;NA;0,45;NA;0,6;0,03;1932;0,34;157;NA;NA;3;1;40,4
343;68;Vincyane;Losso;A;1;NA;NA;NA;Desplatsia;chrysochlamys;NA;NA;;;NA;NA;NA;NA;NA;NA;NA;NA;NA;NA;NA;3;2;
344;68;Vincyane;Losso;A;2;NA;NA;NA;Desplatsia;chrysochlamys;NA;NA;;;NA;NA;NA;NA;NA;NA;NA;NA;NA;NA;NA;3;2;
345;68;Vincyane;Losso;A;3;NA;NA;NA;Desplatsia;chrysochlamys;NA;NA;;;NA;NA;NA;NA;NA;NA;NA;NA;NA;NA;NA;3;2;
346;68;Vincyane;Losso;B;1;NA;NA;NA;Desplatsia;chrysochlamys;NA;NA;;;NA;NA;NA;NA;NA;NA;NA;NA;NA;NA;NA;3;2;
347;68;Vincyane;Losso;B;2;NA;NA;NA;Desplatsia;chrysochlamys;NA;NA;;;NA;NA;NA;NA;NA;NA;NA;NA;NA;NA;NA;3;2;
348;68;Vincyane;Losso;B;3;NA;NA;NA;Desplatsia;chrysochlamys;NA;NA;;;NA;NA;NA;NA;NA;NA;NA;NA;NA;NA;NA;3;2;
349;68;Vincyane;Losso;C;1;NA;NA;NA;Desplatsia;chrysochlamys;NA;NA;;;NA;NA;NA;NA;NA;NA;NA;NA;NA;NA;NA;3;2;
350;68;Vincyane;Losso;C;2;NA;NA;NA;Desplatsia;chrysochlamys;NA;NA;;;NA;NA;NA;NA;NA;NA;NA;NA;NA;NA;NA;3;2;
351;68;Vincyane;Losso;C;3;NA;NA;NA;Desplatsia;chrysochlamys;NA;NA;;;NA;NA;NA;NA;NA;NA;NA;NA;NA;NA;NA;3;2;
352;67;Vincyane;Akatio / delovoyi;A;1;NA;NA;NA;Gambeya;delovoyi;NA;NA;;;NA;NA;NA;NA;NA;NA;NA;NA;NA;NA;NA;3;1;
353;67;Vincyane;Akatio / delovoyi;A;2;NA;NA;NA;Gambeya;delovoyi;NA;NA;;;NA;NA;NA;NA;NA;NA;NA;NA;NA;NA;NA;3;1;
354;67;Vincyane;Akatio / delovoyi;A;3;NA;NA;NA;Gambeya;delovoyi;NA;NA;;;NA;NA;NA;NA;NA;NA;NA;NA;NA;NA;NA;3;1;
355;67;Vincyane;Akatio / delovoyi;B;1;NA;NA;NA;Gambeya;delovoyi;NA;NA;;;NA;NA;NA;NA;NA;NA;NA;NA;NA;NA;NA;3;1;
356;67;Vincyane;Akatio / delovoyi;B;2;NA;NA;NA;Gambeya;delovoyi;NA;NA;;;NA;NA;NA;NA;NA;NA;NA;NA;NA;NA;NA;3;1;
357;67;Vincyane;Akatio / delovoyi;B;3;NA;NA;NA;Gambeya;delovoyi;NA;NA;;;NA;NA;NA;NA;NA;NA;NA;NA;NA;NA;NA;3;1;
358;67;Vincyane;Akatio / delovoyi;C;1;NA;NA;NA;Gambeya;delovoyi;NA;NA;;;NA;NA;NA;NA;NA;NA;NA;NA;NA;NA;NA;3;1;
359;67;Vincyane;Akatio / delovoyi;C;2;NA;NA;NA;Gambeya;delovoyi;NA;NA;;;NA;NA;NA;NA;NA;NA;NA;NA;NA;NA;NA;3;1;
360;67;Vincyane;Akatio / delovoyi;C;3;NA;NA;NA;Gambeya;delovoyi;NA;NA;;;NA;NA;NA;NA;NA;NA;NA;NA;NA;NA;NA;3;1;
361;67;Vincyane;Banaye / mehadelpha;A;1;NA;NA;NA;Trichilia;monadelpha;NA;NA;;;NA;NA;NA;NA;NA;NA;NA;NA;NA;NA;NA;3;2;
362;67;Vincyane;Banaye / mehadelpha;A;2;NA;NA;NA;Trichilia;monadelpha;NA;NA;;;NA;NA;NA;NA;NA;NA;NA;NA;NA;NA;NA;3;2;
363;67;Vincyane;Banaye / mehadelpha;A;3;NA;NA;NA;Trichilia;monadelpha;NA;NA;;;NA;NA;NA;NA;NA;NA;NA;NA;NA;NA;NA;3;2;
364;67;Vincyane;Banaye / mehadelpha;B;1;NA;NA;NA;Trichilia;monadelpha;NA;NA;;;NA;NA;NA;NA;NA;NA;NA;NA;NA;NA;NA;3;2;
365;67;Vincyane;Banaye / mehadelpha;B;2;NA;NA;NA;Trichilia;monadelpha;NA;NA;;;NA;NA;NA;NA;NA;NA;NA;NA;NA;NA;NA;3;2;
366;67;Vincyane;Banaye / mehadelpha;B;3;NA;NA;NA;Trichilia;monadelpha;NA;NA;;;NA;NA;NA;NA;NA;NA;NA;NA;NA;NA;NA;3;2;
367;67;Vincyane;Banaye / mehadelpha;C;1;NA;NA;NA;Trichilia;monadelpha;NA;NA;;;NA;NA;NA;NA;NA;NA;NA;NA;NA;NA;NA;3;2;
368;67;Vincyane;Banaye / mehadelpha;C;2;NA;NA;NA;Trichilia;monadelpha;NA;NA;;;NA;NA;NA;NA;NA;NA;NA;NA;NA;NA;NA;3;2;
369;67;Vincyane;Banaye / mehadelpha;C;3;NA;NA;NA;Trichilia;monadelpha;NA;NA;;;NA;NA;NA;NA;NA;NA;NA;NA;NA;NA;NA;3;2;
370;67;Vincyane;Iroko;A;1;NA;NA;NA;Milicia;excelsa;NA;NA;402;0,63;NA;NA;0,61;NA;2,7;0,03;NA;1,28;726;NA;NA;3;1;34,7
371;67;Vincyane;Iroko;A;2;NA;NA;NA;Milicia;excelsa;NA;NA;84;0,45;NA;NA;0,48;NA;3,8;0,03;NA;1,64;837;NA;NA;3;1;34,4
372;67;Vincyane;Iroko;A;3;NA;NA;NA;Milicia;excelsa;NA;NA;453;0,83;NA;NA;0,44;NA;4,7;0,04;NA;2,71;1188;NA;NA;3;1;36,4
373;67;Vincyane;Iroko;B;1;NA;NA;NA;Milicia;excelsa;NA;NA;217;0,69;NA;NA;0,33;NA;2,5;0,05;NA;3,25;1128;NA;NA;3;1;38,6
374;67;Vincyane;Iroko;B;2;NA;NA;NA;Milicia;excelsa;NA;NA;392;1,05;NA;NA;0,3;NA;2,8;0,06;NA;3,7;1003;NA;NA;3;1;43,2
375;67;Vincyane;Iroko;B;3;NA;NA;NA;Milicia;excelsa;NA;NA;363;1,11;NA;NA;0,4;NA;3,2;0,06;NA;3,54;1170;NA;NA;3;1;38,7
376;67;Vincyane;Iroko;C;1;NA;NA;NA;Milicia;excelsa;NA;NA;133;0,4;NA;NA;0,4;NA;5,7;0,03;NA;3,13;992;NA;NA;3;1;49
377;67;Vincyane;Iroko;C;2;NA;NA;NA;Milicia;excelsa;NA;NA;141;0,38;NA;NA;0,56;NA;5,2;0,04;NA;3,52;1125;NA;NA;3;1;47,9
378;67;Vincyane;Iroko;C;3;NA;NA;NA;Milicia;excelsa;NA;NA;154;0,44;NA;NA;0,64;NA;5,4;0,04;NA;2,58;658;NA;NA;3;1;44,2
379;61;Vincyane;Difou;A;1;NA;NA;NA;Morus;mesozygia;NA;NA;329;0,4;NA;NA;0,46;NA;1,8;0,02;3063;0,65;244;NA;NA;3;1;37,3
380;61;Vincyane;Difou;A;2;NA;NA;NA;Morus;mesozygia;NA;NA;130;0,45;NA;NA;0,49;NA;2,4;0,02;4316;0,88;312;NA;NA;3;1;33,7
381;61;Vincyane;Difou;A;3;NA;NA;NA;Morus;mesozygia;NA;NA;167;0,39;NA;NA;0,39;NA;2,7;0,02;4636;0,1;291;NA;NA;3;1;35,3
382;61;Vincyane;Difou;B;1;NA;NA;NA;Morus;mesozygia;NA;NA;177;0,47;NA;NA;0,5;NA;2,1;0,04;5512;0,14;285;NA;NA;3;1;33,1
383;61;Vincyane;Difou;B;2;NA;NA;NA;Morus;mesozygia;NA;NA;187;0,54;NA;NA;0,29;NA;1,9;0,03;5757;0,09;301;NA;NA;3;1;33,8
384;61;Vincyane;Difou;B;3;NA;NA;NA;Morus;mesozygia;NA;NA;719;1,91;NA;NA;0,34;NA;2,5;0,03;5619;0,13;322;NA;NA;3;1;29,6
385;61;Vincyane;Difou;C;1;NA;NA;NA;Morus;mesozygia;NA;NA;245;0,58;NA;NA;0,58;NA;2;0,04;5133;1,05;386;NA;NA;3;1;37,8
386;61;Vincyane;Difou;C;2;NA;NA;NA;Morus;mesozygia;NA;NA;142;0,38;NA;NA;0,69;NA;2,2;0,03;5645;1,12;416;NA;NA;3;1;39,1
387;61;Vincyane;Difou;C;3;NA;NA;NA;Morus;mesozygia;NA;NA;197;0,47;NA;NA;0,51;NA;2,4;0,03;6741;1,31;481;NA;NA;3;1;35,6
388;60;Vincyane;Emien;A;1;NA;NA;NA;Alstonia;boonei;NA;NA;125;0,19;NA;NA;0,39;NA;9,5;0,02;;15,06;4684;NA;NA;3;2;52,4
389;60;Vincyane;Emien;A;2;NA;NA;NA;Alstonia;boonei;NA;NA;392;1,21;NA;NA;0,45;NA;11,6;0,02;;6,65;2139;NA;NA;3;2;50,4
390;60;Vincyane;Emien;A;3;NA;NA;NA;Alstonia;boonei;NA;NA;560;1,73;NA;NA;0,45;NA;7,1;0,03;;8,88;3025;NA;NA;3;2;56,2
391;60;Vincyane;Emien;B;1;NA;NA;NA;Alstonia;boonei;NA;NA;1728;6,28;NA;NA;0,74;NA;5,2;0,02;;7,11;1719;NA;NA;3;2;48,9
392;60;Vincyane;Emien;B;2;NA;NA;NA;Alstonia;boonei;NA;NA;1981;7,3;NA;NA;0,65;NA;5,3;0,03;;4,37;1389;NA;NA;3;2;49,4
393;60;Vincyane;Emien;B;3;NA;NA;NA;Alstonia;boonei;NA;NA;353;0,56;NA;NA;0,61;NA;4,1;0,03;;6,83;1766;NA;NA;3;2;37
394;60;Vincyane;Emien;C;1;NA;NA;NA;Alstonia;boonei;NA;NA;319;0,86;NA;NA;0,46;NA;6,7;0,02;;2,74;737;NA;NA;3;2;47,7
395;60;Vincyane;Emien;C;2;NA;NA;NA;Alstonia;boonei;NA;NA;444;1,22;NA;NA;0,58;NA;3,7;0,02;;3,39;853;NA;NA;3;2;48,1
396;60;Vincyane;Emien;C;3;NA;NA;NA;Alstonia;boonei;NA;NA;273;0,99;NA;NA;0,58;NA;6,6;0,02;;3,82;961;NA;NA;3;2;48,1
397;57;Vincyane;Tombo;A;1;NA;NA;NA;Kigelia;africana;NA;NA;;;NA;NA;NA;NA;NA;NA;NA;NA;NA;NA;NA;3;1,5;
398;57;Vincyane;Tombo;A;2;NA;NA;NA;Kigelia;africana;NA;NA;;;NA;NA;NA;NA;NA;NA;NA;NA;NA;NA;NA;3;1,5;
399;57;Vincyane;Tombo;A;3;NA;NA;NA;Kigelia;africana;NA;NA;;;NA;NA;NA;NA;NA;NA;NA;NA;NA;NA;NA;3;1,5;
400;57;Vincyane;Tombo;B;1;NA;NA;NA;Kigelia;africana;NA;NA;;;NA;NA;NA;NA;NA;NA;NA;NA;NA;NA;NA;3;1,5;
401;57;Vincyane;Tombo;B;2;NA;NA;NA;Kigelia;africana;NA;NA;;;NA;NA;NA;NA;NA;NA;NA;NA;NA;NA;NA;3;1,5;
402;57;Vincyane;Tombo;B;3;NA;NA;NA;Kigelia;africana;NA;NA;;;NA;NA;NA;NA;NA;NA;NA;NA;NA;NA;NA;3;1,5;
403;57;Vincyane;Tombo;C;1;NA;NA;NA;Kigelia;africana;NA;NA;;;NA;NA;NA;NA;NA;NA;NA;NA;NA;NA;NA;3;1,5;
404;57;Vincyane;Tombo;C;2;NA;NA;NA;Kigelia;africana;NA;NA;;;NA;NA;NA;NA;NA;NA;NA;NA;NA;NA;NA;3;1,5;
405;57;Vincyane;Tombo;C;3;NA;NA;NA;Kigelia;africana;NA;NA;;;NA;NA;NA;NA;NA;NA;NA;NA;NA;NA;NA;3;1,5;
406;54;Vincyane;Gaouo;A;1;NA;NA;NA;Pseudocinchona;pachyceras;NA;NA;292;0,48;NA;NA;0,31;NA;3,2;0,04;NA;2,14;901;NA;NA;3;2;59,2
407;54;Vincyane;Gaouo;A;2;NA;NA;NA;Pseudocinchona;pachyceras;NA;NA;743;1,44;NA;NA;0,39;NA;1,7;0,04;NA;0,67;327;NA;NA;3;2;58,2
408;54;Vincyane;Gaouo;A;3;NA;NA;NA;Pseudocinchona;pachyceras;NA;NA;369;0,77;NA;NA;0,38;NA;3;0,01;NA;0,85;349;NA;NA;3;2;59,4
409;54;Vincyane;Gaouo;B;1;NA;NA;NA;Pseudocinchona;pachyceras;NA;NA;204;0,39;NA;NA;0,43;NA;1,7;0,02;NA;1,54;812;NA;NA;3;2;53,8
410;54;Vincyane;Gaouo;B;2;NA;NA;NA;Pseudocinchona;pachyceras;NA;NA;124;0,4;NA;NA;0,35;NA;1,8;0,04;NA;0,52;252;NA;NA;3;2;48,6
411;54;Vincyane;Gaouo;B;3;NA;NA;NA;Pseudocinchona;pachyceras;NA;NA;167;0,27;NA;NA;0,41;NA;1,5;0,05;NA;1,78;926;NA;NA;3;2;51,8
412;54;Vincyane;Gaouo;C;1;NA;NA;NA;Pseudocinchona;pachyceras;NA;NA;661;1,24;NA;NA;0,55;NA;2,4;0,05;NA;1,91;808;NA;NA;3;2;55
413;54;Vincyane;Gaouo;C;2;NA;NA;NA;Pseudocinchona;pachyceras;NA;NA;451;0,92;NA;NA;0,46;NA;2,5;0,05;NA;1,82;781;NA;NA;3;2;60,9
414;54;Vincyane;Gaouo;C;3;NA;NA;NA;Pseudocinchona;pachyceras;NA;NA;734;1,49;NA;NA;0,56;NA;2,8;0,05;NA;1,65;674;NA;NA;3;2;60,9
415;53;Vincyane;Dounbourou;A;1;NA;NA;NA;Ficus;mucuso;NA;NA;203;0,33;NA;NA;0,67;NA;2,9;0,04;NA;3,79;1198;NA;NA;3;2;53,2
416;53;Vincyane;Dounbourou;A;2;NA;NA;NA;Ficus;mucuso;NA;NA;455;0,9;NA;NA;0,85;NA;2,2;0,04;NA;1,76;442;NA;NA;3;2;47,7
417;53;Vincyane;Dounbourou;A;3;NA;NA;NA;Ficus;mucuso;NA;NA;663;1,43;NA;NA;0,93;NA;2,4;0,03;NA;1,87;533;NA;NA;3;2;42,2
418;53;Vincyane;Dounbourou;B;1;NA;NA;NA;Ficus;mucuso;NA;NA;460;1,05;NA;NA;1;NA;2,5;0,06;NA;2,02;593;NA;NA;3;2;51,9
419;53;Vincyane;Dounbourou;B;2;NA;NA;NA;Ficus;mucuso;NA;NA;168;0,29;NA;NA;0,99;NA;2,3;0,06;NA;1,37;348;NA;NA;3;2;45,5
420;53;Vincyane;Dounbourou;B;3;NA;NA;NA;Ficus;mucuso;NA;NA;172;0,29;NA;NA;0,66;NA;3,1;0,06;NA;3,27;1122;NA;NA;3;2;53
421;53;Vincyane;Dounbourou;C;1;NA;NA;NA;Ficus;mucuso;NA;NA;781;2,38;NA;NA;0,61;NA;2,4;0,05;NA;3,1;840;NA;NA;3;2;48,4
422;53;Vincyane;Dounbourou;C;2;NA;NA;NA;Ficus;mucuso;NA;NA;942;2,77;NA;NA;0,67;NA;1,9;0,06;NA;2,96;841;NA;NA;3;2;45,4
423;53;Vincyane;Dounbourou;C;3;NA;NA;NA;Ficus;mucuso;NA;NA;289;0,8;NA;NA;0,57;NA;2,2;0,06;NA;3,54;1081;NA;NA;3;2;46,8
424;45;Vincyane;Oba;A;1;NA;NA;NA;Bombax;buonopozense;NA;NA;104;0,5;;;0,41;;14;0,02;;4,71;1481;;;3;1;46,7
425;45;Vincyane;Oba;A;2;NA;NA;NA;Bombax;buonopozense;NA;NA;165;0,63;;;0,62;;20,2;0,03;;4,23;1380;;;3;1;45,2
426;45;Vincyane;Oba;A;3;NA;NA;NA;Bombax;buonopozense;NA;NA;89;0,44;;;0,54;;18;0,02;;6,5;2235;;;3;1;45,7
427;45;Vincyane;Oba;B;1;NA;NA;NA;Bombax;buonopozense;NA;NA;22;0,02;NA;NA;0,47;NA;12,2;0,03;NA;3,19;786;NA;NA;3;1;36,8
428;45;Vincyane;Oba;B;2;NA;NA;NA;Bombax;buonopozense;NA;NA;92;0,21;NA;NA;0,72;NA;23,5;0,02;NA;4,11;1103;NA;NA;3;1;52,7
429;45;Vincyane;Oba;B;3;NA;NA;NA;Bombax;buonopozense;NA;NA;558;2;NA;NA;0,75;NA;18,2;0,03;NA;3,83;920;NA;NA;3;1;51,8
430;45;Vincyane;Oba;C;1;NA;NA;NA;Bombax;buonopozense;NA;NA;406;0,92;NA;NA;0,73;NA;24,3;0,02;NA;7,57;2149;NA;NA;3;1;57,4
431;45;Vincyane;Oba;C;2;NA;NA;NA;Bombax;buonopozense;NA;NA;120;0,17;NA;NA;0,78;NA;19;0,03;NA;5,22;1417;NA;NA;3;1;55
432;45;Vincyane;Oba;C;3;NA;NA;NA;Bombax;buonopozense;NA;NA;66;0,1;NA;NA;0,82;NA;18,2;0,03;NA;5,64;1575;NA;NA;3;1;52,5
433;43;Vincyane;Tulipier du Gabon;A;1;NA;NA;NA;Spathodea;campanulata;NA;NA;74;0,25;NA;NA;0,96;NA;5,1;0,04;NA;4,73;903;NA;NA;3;2;25,7
434;43;Vincyane;Tulipier du Gabon;A;2;NA;NA;NA;Spathodea;campanulata;NA;NA;137;0,64;NA;NA;1,4;NA;3,3;0,03;NA;2,69;531;NA;NA;3;2;25,9
435;43;Vincyane;Tulipier du Gabon;A;3;NA;NA;NA;Spathodea;campanulata;NA;NA;144;0,54;NA;NA;0,92;NA;5,1;0,03;NA;4,4;927;NA;NA;3;2;24,2
436;43;Vincyane;Tulipier du Gabon;B;1;NA;NA;NA;Spathodea;campanulata;NA;NA;185;0,83;NA;NA;0,91;NA;9,3;0,04;NA;7,5;1591;NA;NA;3;2;31,6
437;43;Vincyane;Tulipier du Gabon;B;2;NA;NA;NA;Spathodea;campanulata;NA;NA;106;0,59;NA;NA;1,2;NA;6,6;0,02;NA;6,59;1257;NA;NA;3;2;30,1
438;43;Vincyane;Tulipier du Gabon;B;3;NA;NA;NA;Spathodea;campanulata;NA;NA;215;0,96;NA;NA;0,62;NA;8;0,03;NA;4,69;988;NA;NA;3;2;33,9
439;43;Vincyane;Tulipier du Gabon;C;1;NA;NA;NA;Spathodea;campanulata;NA;NA;175;0,64;NA;NA;0,6;NA;8;0,03;NA;5,07;1299;NA;NA;3;2;32,7
440;43;Vincyane;Tulipier du Gabon;C;2;NA;NA;NA;Spathodea;campanulata;NA;NA;364;1,63;NA;NA;1,1;NA;4,7;0,02;NA;5,02;1182;NA;NA;3;2;38,8
441;43;Vincyane;Tulipier du Gabon;C;3;NA;NA;NA;Spathodea;campanulata;NA;NA;115;0,38;NA;NA;1,65;NA;4,9;0,03;NA;6,87;1636;NA;NA;3;2;38
442;38;Vincyane;Bosse;A;1;NA;NA;NA;Guarea;cedrata;NA;NA;517;0,98;NA;NA;0,53;NA;6,3;0,04;NA;16,67;7163;NA;NA;3;2;62,4
443;38;Vincyane;Bosse;A;2;NA;NA;NA;Guarea;cedrata;NA;NA;662;1,3;NA;NA;0,57;NA;9,1;0,02;NA;17,63;7530;NA;NA;3;2;65,6
444;38;Vincyane;Bosse;A;3;NA;NA;NA;Guarea;cedrata;NA;NA;324;0,74;NA;NA;0,59;NA;13,8;0,05;NA;22,23;8010;NA;NA;3;2;57,6
445;38;Vincyane;Bosse;B;1;NA;NA;NA;Guarea;cedrata;NA;NA;310;0,73;NA;NA;0,47;NA;6,8;0,03;NA;7,51;2343;NA;NA;3;2;43,7
446;38;Vincyane;Bosse;B;2;NA;NA;NA;Guarea;cedrata;NA;NA;518;1,37;NA;NA;0,49;NA;4,5;0,04;NA;14,78;4616;NA;NA;3;2;31,3
447;38;Vincyane;Bosse;B;3;NA;NA;NA;Guarea;cedrata;NA;NA;430;1,21;NA;NA;0,5;NA;6,1;0,05;NA;17,8;8208;NA;NA;3;2;53
448;38;Vincyane;Bosse;C;1;NA;NA;NA;Guarea;cedrata;NA;NA;665;1,63;NA;NA;0,87;NA;2,3;0,04;NA;9,25;3046;NA;NA;3;2;42
449;38;Vincyane;Bosse;C;2;NA;NA;NA;Guarea;cedrata;NA;NA;301;1,03;NA;NA;0,97;NA;2,2;0,04;NA;6,9;2618;NA;NA;3;2;42,2
450;38;Vincyane;Bosse;C;3;NA;NA;NA;Guarea;cedrata;NA;NA;285;0,63;NA;NA;0,84;NA;2,5;0,02;NA;7,17;2775;NA;NA;3;2;46,8
451;54;Vincyane;Gaouo;D;1;;;;Pseudocinchona;pachyceras;;;300;0,8;;;0,43;;2,3;0,03;;1,81;843;;;3;2;49,5
452;54;Vincyane;Gaouo;D;2;;;;Pseudocinchona;pachyceras;;;107;0,27;;;0,28;;1,7;0,03;;0,76;307;;;3;2;55,1
453;54;Vincyane;Gaouo;D;3;;;;Pseudocinchona;pachyceras;;;99;0,23;;;0,5;;1,7;0,03;;0,89;397;;;3;2;47,8
454;;Vincyane;Fara;A;1;;Stereospermum acuminatissimum;;;;;;249;0,89;;;0,9;;9,5;0,02;;3,32;963;;;2;1,5;52,1
455;;Vincyane;Fara;A;2;;Stereospermum acuminatissimum;;;;;;325;1,03;;;0,78;;8,1;0,02;;4,93;1473;;;2;1,5;57,4
456;;Vincyane;Fara;A;3;;Stereospermum acuminatissimum;;;;;;275;0,95;;;0,69;;7,5;0,02;;4,9;1531;;;2;1,5;55,8
457;;Vincyane;Fara;B;1;;Stereospermum acuminatissimum;;;;;;125;0,37;;;0,53;;7,7;0,03;;4,04;1326;;;2;1,5;42,9
458;;Vincyane;Fara;B;2;;Stereospermum acuminatissimum;;;;;;118;0,35;;;0,58;;7;0,02;;3,25;1091;;;2;1,5;52,7
459;;Vincyane;Fara;B;3;;Stereospermum acuminatissimum;;;;;;74;0,23;;;0,78;;7,5;0,02;;3,73;1348;;;2;1,5;54,3
460;;Vincyane;Fara;C;1;;Stereospermum acuminatissimum;;;;;;61;0,16;;;0,58;;5,7;0,02;;2,9;707;;;2;1,5;49,6
461;;Vincyane;Fara;C;2;;Stereospermum acuminatissimum;;;;;;118;0,42;;;0,51;;5,3;0,02;;2,45;672;;;2;1,5;35
462;;Vincyane;Fara;C;3;;Stereospermum acuminatissimum;;;;;;89;0,27;;;0,52;;7;0,02;;1,56;484;;;2;1,5;33,4
463;;Vincyane;Ouindo;A;1;;Lasiodiscus mildbraedii ;;;;;;97;0,13;;;0,39;;0,8;0,02;;0,51;255;;;3;2;52,6
464;;Vincyane;Ouindo;A;2;;Lasiodiscus mildbraedii ;;;;;;457;0,66;;;0,53;;0,7;0,03;;0,9;481;;;3;2;58,3
465;;Vincyane;Ouindo;A;3;;Lasiodiscus mildbraedii ;;;;;;144;0,21;;;0,32;;1,1;0,02;;1,12;479;;;3;2;52,3
466;;Vincyane;Ouindo;B;1;;Lasiodiscus mildbraedii ;;;;;;228;0,34;;;0,27;;0,9;0,02;;0,3;136;;;3;2;53,9
467;;Vincyane;Ouindo;B;2;;Lasiodiscus mildbraedii ;;;;;;423;0,71;;;0,49;;0,8;0,02;;0,5;216;;;3;2;51,3
468;;Vincyane;Ouindo;B;3;;Lasiodiscus mildbraedii ;;;;;;214;0,3;;;0,44;;0,8;0,02;;0,44;203;;;3;2;59,1
469;;Vincyane;Ouindo;C;1;;Lasiodiscus mildbraedii ;;;;;;169;0,2;;;0,28;;0,6;0,03;;0,78;396;;;3;2;55,4
470;;Vincyane;Ouindo;C;2;;Lasiodiscus mildbraedii ;;;;;;196;0,31;;;0,36;;0,5;0,04;;0,88;375;;;3;2;57,7
471;;Vincyane;Ouindo;C;3;;Lasiodiscus mildbraedii ;;;;;;174;0,24;;;0,31;;1;0,02;;0,92;369;;;3;2;42,4
472;;Vincyane;Tuibesso;A;1;;Baphia bancoensis;;;;;;113;0,21;;;0,4;;1,1;0,01;;0,43;181;;;1;2;53,6
473;;Vincyane;Tuibesso;A;2;;Baphia bancoensis;;;;;;73;0,11;;;0,3;;0,9;0,02;;0,38;160;;;1;2;47,7
474;;Vincyane;Tuibesso;A;3;;Baphia bancoensis;;;;;;42;0,06;;;0,35;;1;0,02;;0,48;196;;;1;2;55,3
475;;Vincyane;Tuibesso;B;1;;Baphia bancoensis;;;;;;123;0,25;;;0,43;;1,5;0,02;;0,48;223;;;1;2;54,6
476;;Vincyane;Tuibesso;B;2;;Baphia bancoensis;;;;;;49;0,1;;;0,38;;1,3;0,01;;0,5;226;;;1;2;53,6
477;;Vincyane;Tuibesso;B;3;;Baphia bancoensis;;;;;;133;0,27;;;0,38;;1,3;0,02;;0,75;333;;;1;2;58,4
478;;Vincyane;Tuibesso;C;1;;Baphia bancoensis;;;;;;37;0,08;;;0,34;;1;0,02;;0,27;108;;;1;2;49,3
479;;Vincyane;Tuibesso;C;2;;Baphia bancoensis;;;;;;55;0,12;;;0,37;;0,8;0,02;;0,32;138;;;1;2;49,5
480;;Vincyane;Tuibesso;C;3;;Baphia bancoensis;;;;;;85;0,15;;;0,39;;0,9;0,02;;0,43;170;;;1;2;46,6
481;;Vincyane;Baimbrou;A;1;;Diospyros canaliculata;;;;;;293;0,58;;;0,24;;1;0,03;;1,6;698;;;3;2;64,1
482;;Vincyane;Baimbrou;A;2;;Diospyros canaliculata;;;;;;211;0,34;;;0,32;;1,2;0,02;;1,01;438;;;3;2;66,3
483;;Vincyane;Baimbrou;A;3;;Diospyros canaliculata;;;;;;128;0,22;;;0,22;;1,1;0,02;;1,7;798;;;3;2;76,4
484;;Vincyane;Baimbrou;B;1;;Diospyros canaliculata;;;;;;517;0,93;;;0,39;;1,3;0,03;;2,05;1157;;;3;2;75,9
485;;Vincyane;Baimbrou;B;2;;Diospyros canaliculata;;;;;;290;0,63;;;0,41;;1,4;0,03;;2,41;1195;;;3;2;76,4
486;;Vincyane;Baimbrou;B;3;;Diospyros canaliculata;;;;;;420;0,61;;;0,39;;1,3;0,02;;2,2;1079;;;3;2;75,4
487;;Vincyane;Baimbrou;C;1;;Diospyros canaliculata;;;;;;559;1,18;;;0,41;;1,2;0,02;;1,68;735;;;3;2;59,7
488;;Vincyane;Baimbrou;C;2;;Diospyros canaliculata;;;;;;252;0,53;;;0,4;;1,1;0,02;;1,77;781;;;3;2;67,9
489;;Vincyane;Baimbrou;C;3;;Diospyros canaliculata;;;;;;399;1,06;;;0,41;;1,3;0,03;;3,08;1487;;;3;2;73,1
490;;Vincyane;Kamaia;A;1;;Dictyandra arborescens;;;;;;64;0,18;;;0,47;;2,9;0,04;;0,88;345;;;3;;61,7
491;;Vincyane;Kamaia;A;2;;Dictyandra arborescens;;;;;;60;0,15;;;0,38;;2,9;0,02;;1,32;557;;;3;;54,9
492;;Vincyane;Kamaia;A;3;;Dictyandra arborescens;;;;;;82;0,23;;;0,37;;2,3;0,02;;0,85;408;;;3;;60,2
493;;Vincyane;Kamaia;B;1;;Dictyandra arborescens;;;;;;161;0,41;;;0,51;;2,7;0,02;;0,95;480;;;3;;61
494;;Vincyane;Kamaia;B;2;;Dictyandra arborescens;;;;;;53;0,11;;;0,55;;2,7;0,03;;1,3;673;;;3;;72,8
495;;Vincyane;Kamaia;B;3;;Dictyandra arborescens;;;;;;54;0,14;;;0,5;;2,5;0,02;;1,4;706;;;3;;70,3
496;;Vincyane;Kamaia;C;1;;Dictyandra arborescens;;;;;;86;0,21;;;0,3;;3;0,02;;1,31;706;;;3;;68
497;;Vincyane;Kamaia;C;2;;Dictyandra arborescens;;;;;;106;0,24;;;0,29;;2,4;0,02;;1,51;815;;;3;;71,6
498;;Vincyane;Kamaia;C;3;;Dictyandra arborescens;;;;;;445;1,32;;;0,3;;2;0,02;;1,72;858;;;3;;61,1
